content,score
"Разработчикам оторвать руки за выход из приложения при однократном нажатии кнопки ""назад"". Даже не при двойном. У меня ладонь как у пятилетки, я не дотягиваюсь до стрелочки сверху экрана, да и неудобно, руки-то обычно снизу экрана. А в целом госуслуги госуслугами. Спасибо, что не надо больше ездить по поводу каждого чиха в цон.",5
"Заканчивался срок водительского удостоверения, перевыпуск в этом приложении занял 5 минут, всё с первого раза! С первой попытки сразу получилось! Я удивлён) единственное, нужно заранее сделать фото и главное правильно всё сделать: формат 3х4, свет, фон и т.д. Если фото готово, то всё возмутительно быстро и лёгко получается! Оплата госпошлины также прям в приложении, можно даже данные карты не вводить, каспи QR и всё! Вот что-что а цифровизация у нас в KZ на высоте! Молодцы👍",5
"Очень удобное приложение, рада что появилось много возможностей приобрести нужную тебе справку , или же документ не выходя из дома ,и не теряя при том на это целые сутки в очереди! В общем приложение супер! Очень лёгок в использовании, после обновления вообще слов нет ! Сплошное восхищение 😄",5
"Зря люди льете грязь. Приложение рабочее. Ключи не видит, потому что нужно получить специальные ключи, через эту программу. Другие он и не увидит. Вернее заставить можно увидеть, у кого есть root, но все равно будет ошибка. И телефон должен совпадать с телефоном, который ранее был зарегистрирован. По другому не как, защитили программу конкретно, третье лицо не сможет воспользоваться вашими данными на телефоне.",5
"Доброе утро уважаемые разработчики. Во первых хочу выразить вам огромную благоларность за это приложение!!! А во вторых: столкнулся с такой проблемой, не выходит путь для указазания местонахождения сертификатов, а сразу выходит сообщение, что сертификаты не найдены. В старой версии выходил путь, а здесь предлагает пройти регистрацию и получить новые свидетельства цифровой подписи. Разберитесь пожалуйста, пробовал переустанавливать, не помогло, мой гаджет Samsung A 52. Спасибо.",5
"Добрый день. Заказал через приложение справку о судимости, обработано всё хорошо, теперь хочу распечатать, не знаю как. Захожу в услуги историю, там на против справки три точки нажимаю, там меню: добавить в （мой документы）, просмотр. Нажал добавить в мои документы （а где эта файл найти не могу） .Как скачать справку через приложение поскажите, что бы распечатать. А так приложение полезное.",5
"Приложение отвлекает от повседневных проблем безуспешными попытками войти и прочитать ответ правительства на коллективное обращение. Хорошее приложение, и весь вечер занят и думаешь о правительстве и все это одновременно. Удалила из телефона эту головную боль.",5
Первый раз я оценил 1 но оказывается не приложение а мой телефон был слабым для этого приложение хорошо когда приложение поможет хотя бы один раз вот я с другого телефона зарегистрировался без проблем БМР и вытащил копию вакцинаций и прошу извенение за первый негативный отзыв. Приложение супер .,5
"приложение хорошее, поменяю оценку потом, после исправление бага, при заказе на 3 лиц других любых справок идет запрос всегда на несудимость, дополнить хочу отзыв, само приложение приятно удивляет меня по новаторству, недавно увидел на сайте егов вход через qrcode попробывал, зашел, я был впечатлен внедрением этого новизны, знаю до этого на вебватсап пользовался, но не думал что его быстро внедрят, эл.документы личности, свид о рожд и о браке тоже нужная вещь, п/с спр обрем. недвж. не работает",5
"Прочитал отзывы ниже, загрузил приложение, установил оба ключа и убедился, что люди элементарно у нас не разбираются как пользоваться приложением. А на самом деле всё просто и понятно. Интерфейс достаточно логичен. Всё здорово. Зашёл без проблем с первого раза и всё работает нормально.",5
"После загрузки приложения и регистрации, перезагрузите телефон. Тогда паспорт вакцинации появится в ваших цифровых документах. Сразу с портала он не скачивается, но в углу есть иконка чтобы отправить на почту или ватсап. Получение не мгновенно, но через полчаса все пришло. Все скачано. Проблем нет.",5
"Новая версия моб.пэп. Эта версия пошла в ногу со временем, для авторизации добавили пин-код и биометрические данные. Также приложение по моему стало более понятнее и юзабельнее. Надеюсь и дальше будет улучшаться и обновляться данное приложение.",5
"Запросил ЭЦП на телефон в виде ключей. При попытке войти по ЭЦП, а не через одноразовый пароль приложение вылетало. В итоге очистил все данные и теперь никак не могу сделать заявку на выпуск нового ЭЦП. Телефон Xiaomi Redmi 8A. UPD: После обновы все шикарно",5
"Перестал отображаться удостоверение личности в цифровых документах, проблему написал, повторно то же самое запросила, то же самое отправил, такое ощущение что это автомат отвечает. ОБСЛУЖИВАНИЕ НИКАКОЕ👎👎👎👎... Оказывается НАДО УДАЛИТЬ ПРИЛОЖЕНИЕ. СКАЧАТЬ ПРИЛОЖЕНИЕ. ДЛЯ АВТОРИЗАЦИИ ВВЕСТИ ЭЦП. ДЛЯ ЭТОГО ВАМ НЕОБХОДИМ ЭЦП НА ТЕЛЕФОНЕ👍👍👍👍👍👍👍👍👍👍👍. ТЕПЕРЬ УДАСТАК ПОЯВИЛСЯ.",5
Да нормальное приложении !!! Я всегда беру справки не выходя из Дома!!! Каждые 3 месяца. Раньше стояли в цоне. Теперь вообще туда не захожу! А кто пишет немогу войти читайте инструкцию по авторизации . Я авторизовался с первого раза и пользуюсь уже больше года и всё в норме!!! Хорошее приложении и удобное! Тем более в период карантина!!! Рекомендую!!!!,5
"Прочитал кучу плохих отзывов, подумал, у кого всё хорошо, те ничего не пишут. Много приложением не пользовался, оценивать особо нечего, но ЭЦП оформил быстро и без проблем. Все документы членов семьи в приложении отображаются, только жены почему-то нет. Разработчикам творческих успехов, да благословит вас Всевышний Бог!",5
"Удобное приложение, пользуюсь регулярно. Из замечаний - не очень удобно реализовано открытие/сохранение PDF файлов полученных справок - нужно давить на три точки. Неискушенному пользователю будет невдомёк.",5
Я ставлю 5 звездочек но есть одно но когда в портале захочешь на очередь на жильё всегда показывает ошибку вот это доработайте а так классно уже забыла что можно с собой брать удостоверение личности и все документы в одном приложение спасибо вам что есть вы EGOV.KZ,5
"Приложение не работает!!! Всегда виснет, когда доходишь до указания города ! Сделайте, что-нибудь, раз запустили приложение!!! Хочется пользоваться нормальным сервисом, который действительно поможет!",5
Отличная задумка.крайне удобно простому гражданину не желающему стоять в очередях ..а услуга цифровые документы вызывает восторг.даже потеряв документы за границей можно всегда доказать кто ты и откуда..желаю удачи и процветания,5
"У меня все прекрасно загрузилось и все справки отобразились без проблем. Приложение отличное! Все очень удобно и информативно, а главное быстро",5
"Приложение отличное. Удобное. Не могла открыть документы, нужно было нажать на ""обновить докумены"" и все открылось.",5
"Оставлял плохой отзыв ранее, решил исправить, приложение летает, ключи эцп можно добавить из внутренней памяти телефона, всё отлично. Респект",5
"Приложение работает отлично, мне очень нравится, удобно в любое время можно получить справки о недвижимости, о задолженности в налоговом органе, спасибо большое!",5
Добавили мой диплом который не отображался в приложении. Спасибо разработчикам и успехов в вашей работе!,5
"Ну вот теперь приложение стало удобным, стабильность на порядок выше стала, авторизацию переработали. Молодцы разработчики.",5
"Если быть не очень требовательным, то приложение хорошее, есть конечно глюки. Кто не может пройти идентификацию с камерой, даже несмотря на выданные разрешения для камеры, то как вариант, попробуйте в момент появления камеры (серый значек, не работает) то сверните приложение, не закрывайте, а потом опять разверните, мне только это помогло.",5
Очень приятно получать услуги через приложение. Быстро качественно!,5
"Большая просьба, не убирайте возможность авторизации с выбором имеющихся ЭЦП на смартфоне, а то даже в службе поддержки тупицы говорят, что так и должно быть, типа только digital id и все (и тот в обновлении 1.2.7 не работал...), но по факту вот с версии 1.2.81 с официальным текстом изменений написано, что вернули (точнее починили, по факту) возможность выбора имеющихся ЭЦП на устройстве. Спасибо, теперь я могу обновиться",5
очень хоррошее приложение что нужно по документации предоставляют быстро,5
"Здравствуйте. Приложение не плохое, даже очень, но почему не могу подписать документы с Qr кодом?функция отключена, как включить ее?",5
"удобно, общедоступно, мобильно и просто",5
"Неожиданно круто изменилось приложение! Классный юзерфрендли интерфейс, всё понятно и всё работает (включая дистанционное получение ЭЦП). По сравнению со старой версией - небо и земля! Молодцы! Спасибо! 🤩👍🏻",5
отличное приложение. быстро и удобно,5
"Не ожидала,что данное приложение так хорошо работает. Очень удобный в использовании.",5
"Удобно получать все документы, никуда не бегаешь, не выходя из дома все доступно, спасибо",5
сервис удобнее и быстрее,5
без очереди и быстро приходят документы спасибо,5
Очень даже легко и удобно,5
"Здравствуйте, как обновить приложение, мне в поликлинике сказали, что старая версия установлена, нет медицинских данных, бесплатного рецепта. Проблема в том, где кнопка ОБНОВИТЬ?",5
"Здравствуйте. Сейчас нахожусь не в Казахстане, но понадобились документы. Благодаря этому приложению,...я практически всё себе сделал. Это не реклама, я обычный гражданин КЗ. из города Хромтау. Вы меня реально выручили. Спасибо вам большое. Удачи.",5
После переустановки всё заработало. Здравствуйте не работает вкладка мои документы нажимаешь и белый экран. Раннее пользовался было все нормально. Заказал справки где теперь их искать,5
очень удобно и просто,5
Приложение отличное!!! Главное удобно! Только в последние два дня не могу найти результаты пцр тестирования.,5
Очень удобно и быстро,5
очень удобно в пользовании,5
Разработчики обратите внимание!!!! Нужно добавить функцию как на пк чтоб была видна активная бронь и можно было ее перебронировать или отменить. На данный момент это можно сделать только с браузера,5
"Отличное приложение стало, вся информация под рукой..",5
большее количество услуг очень быстро делаются,5
"Почему только vip номера можно заказать? Зеркальные тоже ж денег стоят, почему их нельзя? Проработайте это тоже.",5
Приходящие смс коды в услуге по наличию недвижимости не подходят. Есть над чем работать сырое приложение. Стоит отметить что цифровые документы хорошая идея.,5
"Доброе утро! Приложение не даёт зарегестрироваться. На завершающей стадии регистрации, после подтверждения данных, все зависает",5
"Самое лучшее приложение в Казахстане (ибо сравнить ни с чем). Интерфейс не удобный для пользователя, пока что это единственный и главный минус. А так можно разобраться.",5
"Быстро и доступно, и выгодно. Информация, новости, кино каждый день и все другие. Спасибо за то что все так круто. Все просто и понятно.",5
"Всем привет. Я игрок в доту 2, у меня есть любим персонаж - невермор. Именно поэтому для меня было важно, это приложение, кстати, оно просто замечательное, очень люблю кумыс, свободу лошадкам!",5
Незнаю других но у меня все классно работает на обычном смартфоне лджи ка10. Те которые пишут не работает не умеют правильно пользоваться. Респект приложению и разработчикам. Спасибо,5
"Незнаю у кого как,но сразу регистрация прошла успешно,чему я очень рад. Думал будет сложнее. Ошибок пока никаких не заметил. Хоть что-то у нас сделали действительно удобное.",5
"Были небольшие проблемы, как оказалось в связи с техническими работами. В целом приложение очень удобное, всем рекомендую!",5
"Последнее обновление, исправили проблему с цифровыми документами ( на андроиде не отображались). Спасибо.",5
"Не грузится не могу получить эцп на телефон 🤔🙈 Удалила приложение переустановили его заново. Все заработало, а то мучались 3 дня. Спасибо за обратную связь.",5
"Почему ецп в мобильном приложение, не отображается в личном кабинете егов... Как всё взаимодествует? Ецп в приложение как можно применить в компьтере или ноуте?",5
"Зарегистрировался быстро, можно сказать в один ""клик"" без повторного запроса. Нужные справки практически мгновенно получил и скачал. Минусов пока не нашел, в процессе пользования посмотрим. А так 5+",5
"Разработчикам, прошу при поиске налогового органа, цонов, либо других организаций, упростите через поисковик, чтобы не искать из всего вывалившегося списка по Казахстану. За ранее спасибо!",5
"Не знаю почему у других не работает. У меня всё работает, все цифровые доки присутствуют. Может уже всё исправили-без понятия. В любом случае-спасибо разработчикам!!!",5
"Есть не доработка в приложении. Не видит новые ключи эцп, в окне где их нужно указать зафиксировались старые, хотя они уже удалены из телефона",5
"Всем у кого некорректно отображаются данные, советую зайти в приложение, мои документы и сверху справа нажать обновить. После обновления, все данные и QR код будут отображаться в паспорте вакцинации.",5
"Всё отлично работает ! Спасибо большое разработчики вам! Третий квартал справки отправляю , молодцы разработчики.....! Жизнь стала легче)) так много облегчения)!",5
"Хорошо проработали приложение👍🏻 Разрабы молодцы. Очень удобно и быстро услуги получать с приложения, чем ходить в цон и стоять в очереди.",5
"Информатизация на уровне, приложение куда лучше чем аналог в России. Большое спасибо программистам за проделанную работу.",5
"Здравствуйте, подскажите пожалуйста, что делать если документ у тебя на руках ещё действует, а на сайте егов его нету, соответственно перевыпустить не выходя из дома не получается. В частности речь идёт о водительском удостоверении. Спасибо",5
"Егов радует. Подключили налоговый кошелек, узнал, что у меня переплата почти 40 тыс. Даже возврат денег га карту есть (надеюсь работает). Раньше налоги были темным лесом, а сейчас более прозрачно",5
"Удобное в использовании приложение, не надо физически ходить в ЦОН, очень экономит время. Рекомендую к использованию всем.",5
Хорошее и удобное приложение. Теперь еще проще стало получать гражданам не обходимые услуги. Приложение позволяет комфортно пользоваться порталом.,5
"Скачал, но все на английском, где поменять язык??? Проблема так же осталась, все на англ, нет возможности поменять. Спасибо, теперь можно настроить язык!",5
Посмотрела цифровые документы. Просто супер решение! 21 век. Не нужно носить с собой папки как раньше. Все под рукой.,5
"Все работает, прописка, военный учёт все через мобильный приложение сделал, но все равно надо кое какие вещи доделать до ума, в целом все отлично! Спасибо",5
"Хорошее приложение, аналог web версии. Установка, регистрации прошел очень быстро. Никаких проблем, глюков и сбоев нет. Рекомендую к установке и использованию.",5
"Хорошо принели находчиво объяснили,спасибо девчонкам успехов в работе счастье.",5
"За 5 минут онлайн выпустил вторую эцп для приложения и всё заработало. Удобно, что цифровые документы отображаются без интернета",5
"Приложение хорошее. Единственный минус это сканер подтверждения личности (( а так все работает, удобно. Спасибо)",5
очень удобно и быстро,5
быстро и удобно,5
"Верните услуги оформления паспорта, удобно было онлайн оформлять...",5
Суперская приложения сейчас все удобно не надо ходит ни куда с этим приложением дома сразу можешь все сама сделать... Спасибо за такой удобный приложению,5
"Отличное приложение, экономит кучу времени. Очень простой интерфейс, удобное приложение. Скачивайте, не пожалеете.",5
"Всё отлично, всё супер, но адрес прописки Нур-Султан, я даже на адресе на таком не бывал, незначительный сбой есть, немного ""сырая"" версия, думаю доработают разрабы",5
Девушка которая принимает документы есильского района всегда вежливая и чётко все объясняет не смотря на поток разных людей.,5
"Отличное приложение, но есть нюансы по авторизации, то ли баг, то ли ограничение времени авторизации в целях безопасности. Без разъяснения оставляет осадок",5
Ставлю 5 звёзд. Очень хорошее приложение. Всегда в любое время все нужные документы и справки под рукой.,5
"спасибо, очень быстро получила нужные справки!",5
Очень удобно. С каждым обновлением всё больше функций начинает работать. Разработчикам большое спасибо за старания,5
Скидывает е нотариат. Выбираю вход с биометрией. После видеопроверки скидывает назад.,5
быстро ответили встал в очередь на зем.участок,5
Почему нет возможности входа по ЭЦП с телефона?,5
"Отличное приложение. Можно скачать любой документ, даже водительское удостоверение и техпаспорт",5
"Новая версия работает нормально. Если у кого не работает, обязательно обновите приложение до последней версии.",5
"Приложение просто класс, решил все свои проблемы через телефон. Отдельное спасибо разработчикам приложений.",5
"Возникли проблемы с digital id, но потом как-то решилась. Благодаря приложению зарегистрировалась нормально. Есть конечно некоторые проблемы, надо поработать. Спасибо.",5
очень удобно спасибо егов,5
"Прикольное приложения, все просто и интуитивно. Получил все что нужно за 2 минуты)) установка приложения больше заняло времени)",5
"После обновления , прошел авторизацию , проблем нет . Всё работает . Спасибо за быстрое реагирование .",5
А мне всё нравится и все 3 справки очень быстро пришли буквально за пару минут. Спасибо. Ещё хотел добавить не какой трудности с регистрацией вообще не возникло. Ввел ИИН и номер и за 5 сек всё прошёл.,5
"Приложение отличное, все функции под рукой. Успел заказать пару справок, все работает. Советую всем, оценка 5",5
"Классное приложение! все справки быстро загружаются, не надо транить целый день, мотаясь по всему городу и собирая их",5
Приложение супер 👍очень удобно. Я не понимаю почему оценка всего 3 скорее всего эти люди которые не могут зарегистрироваться тупят. Для меня удобное приложение все в телефоне.,5
"Очень быстро обработали запрос на выдачу справок, само приложение работает шустро, молодцы.",5
"Не нашла свой предыдущий отзыв с одной звездой;) После обновления успешно прошли регистрацию, подождали всего неделю-полторы)) Спасибо!",5
Nitec Предложение требует больше оптимизации. Поработайте над защитой. При входе и при подписании услуг добавить нужно face ID,5
Сегодня воспользовался в первый раз. Очень удобно и быстро. Надеюсь на постоянное хорошее качество услуг!!,5
Как понять сертификат отозван? Не могу зайти по эцп ключу. Хотя вчера заходила. Почему так плохо работает приложение?,5
"Отличное приложение. Удобна в использовании, доработайте только все доступные услуги))",5
"Ошибка происходит, когда пытаюсь зайти ЭЦП роли Юр.лица, и возникает, что не принимает, и у вас не указано об этом, что юр. Лица не бцдцт работать через мобильное приложение, верно?",5
У меня все получилось. Просто кэш почистил и скорость интернета 4джи и все 10 минут и готово. Просто долго разбираться пришлось,5
"Спасибо большое разработчикам. Все очень доступно, понятно и экономит кучу времени.",5
Установил обновление за 27 мая 2021 год толька што приложение сбрасывается! что за обновление такое переделайте пожалуйста разраьочики,5
"у меня все отлично, вход через смс код, ковид паспорт присутствует. Спасибо что без геморроя! телефон Samsung s20+",5
Смартфон.Redmi 10s.приложение не работает .Заходят на секунд 3 и сразу выкидывает,5
"Я не понимаю почему люди пишут всякую дичь в комментариях. Приложение работает нормально, да бывает не поладки но редко)",5
всё супер замечательная услуга,5
"Хорошее приложение, видно что разработчики добовляют много полезных функций. Были баги сейчас всё нормально.",5
"Отличное приложение!👍 все очень удобно, легко разобрался. Работает быстро. Спасибо!)",5
"Уважаемые разработчики, прошу устроните проблему с эцп,пишет вы ввели не правильный пароль. А так приложения не плохое ставлю 5",5
"Все работает стабильно, паспорта вакцинации вы не увидете сразу как привьетесь. База данных большая, смиритесь",5
"Удобно, не нужно теперь носить с собой бумажные документы.",5
"Сначала работало всё нормально, сейчас открываю и идёт сброс,что делать?в нужный момент и ничего не работает",5
"супер лучшая версия , спасибо",5
"спасибо за работу, отлично",5
"Да нет,все работает! зарегистрировался,и зашёл в кабинет вообще без проблем,с первого раза. Скачал ЭПВ,пользуюсь! Вы просто тупые и телефоны ваши такие же)",5
Очень удобно.просто супер предложение не выходя издома получать нужнцю информацию.,5
"Пока работает отлично, гораздо быстрее и удобнее чем сайт в сети.",5
"Спасибо за приложение! Переустановила,теперь работает всё отлично!!! Успехов Вам и процветания!!!",5
"Очень удобно. Спасибо большое за такое полезное приложение. Тот факт, что не обязательно использование ЭЦП вообще супер.",5
"Приложение отличное, нужно дороботать, очень удоьное и пончтное в обмлуживании!",5
Цифровые документы это самое лучшее и удобное что я видел в приложениях)) пару раз пригодилось когда забыл удостоверение дома) всем советую,5
"Паспорт здоровья не открывается (идет процесс загрузки), побольше Цифровых документов пожалуйста",5
"Удобно, все документы в одном месте, легко зарегистрировать номер и ЭЦП, пока не тупило 👍",5
Цифровые версии документов. Что-то интересное. Можно свои доки видеть в электронном виде,5
Установил обновленный eGov mobile. Теперь можно заходить по отпечатку пальца. Это очень удобно.,5
"Я думала,только я не могу пройти авторизацию,а оказывается нет,многие не могут,разработчики,пожалуйста упростите приложение,тормозит.",5
Очень здорово все придумано. Но есть предложение: qr код цифровых документов моей семьи нету. Почему бы не добавить?! Хотя бы документы детей.,5
"Ну незаю товарищи. Чем вы не довольны. Спокойно зашёл, всё прекрасно работает. Никаких проблем. Все сохраняется..... тут или руки виноваты или пытаетесь пользоваться приложением с кирпичей.",5
"Отличное приложение, не нужно стоять часами в очередях в ЦОНе. Все на дому.",5
"Приложение очень понравилось, все быстро ,молодцы не надо стоять в очередях.",5
Намного лучше стал чем пару лет назад! Оформил водительские права через приложение. Записался на вакцину. Класс!,5
Удобный. Но есть не доработки. К примеру: не работает онлайн бронирования очереди.,5
"Здравствуйте. Куда надо войти, чтоб оставить заявку на получение пособие 42500. В связи с случившемся положением остались без заработка.",5
"Отличное приложение, очень удобное. Получать услуги стало намного проще.",5
"Спустя вечность сумел зарегистрироваться и всё заработало. Меняю на 5 звезд. Спасибо, что работаете над приложением!",5
"👍👍👍👍 Классное приложение, все быстро и удобно, не выходя из дома:)",5
"👍 отличное приложение все доступно и легко, уже больше года использую все нравится.",5
"Я только начала пользоваться данным приложением, очень понравилось,особенно после этого долб...дамумеда, все доки, все услуги, пока нравится. Спасибо.",5
"Нравится все, спасибо! И да, спасибо разработчикам, после каждой тусы захожу, шоб вспомнить, где я живу и прописана 😂🔥",5
"благодаря eGov mobile, решил некоторые так скажем сложные задачи, получение справок и документов! за это 5 звезд ставлю 👍 разработчики молодцы!!! кстати как получить справку с налогового комитета онлайн через телефон???",5
"Шикарное приложение, а главное все справки так быстро оформляются и нет необходимости идти в ЦОН",5
Очень удобно спасибо разработчикам экономит время и нервы которые создавались при похождение в цоны,5
"Очень удобно и быстро получать услуги, хорошо что есть такие приложения",5
"Не знаю как у других, но у меня всё хорошо открывается. Смогла просмотреть все нужные мне цифровые документы.",5
"чем вам мой root помешал, балбесы? приходится теперь пользоваться телефоном жены. но приложение работает хорошо, нареканий нет.",5
Всё нормально вроде просто нужно вход упростить и всё а так все нужные справки можно получить без раговора,5
При установке приложение открывается только на английском языке!? Выбор языка не предлпгается,5
"Отличное приложение,все работает,вход с отпечатком пальца круто 👍",5
Теперь не надо вводить иин как ранше. Теперь вход через татч скрин. Стало удобна.,5
"Очень удобное приложение, можно получить услуги не выходя из дома",5
Супер! Все документы с собой! Если бы еще периодически не сбоило.,5
Здравствуйте. Прога хорошая. Добавьте пожалуйста переоформление автотранспорта.,5
"Зарегистрировалась, вче очень удобно, 3 минуты и получила все выписки ,не посещая цон.Спасибо",5
"Все работает, отличное приложение, все быстро, заменяет цон",5
"Все очень быстро формируется,удобное приложение не выходя из дома делать запрос",5
Отличное приложение!наконец не стоишь в очереди по многу времени!Молодцы наши разработчики! :- ),5
"Да нормальное приложение!😌 с ключом войдёшь, и получай услуги, не все конечно... жизненно необходимо-важные можно получить",5
"Очень быстро прошла регистрацию,все понятно и можно быстро разобраться разработчики молодцы 👍",5
"Отлично работает, удобно в пользований, и все понятно",5
Приложение мне нравится быстро открывается смотрю своий заявки получаю ответы уведомления.,5
Тяжело. Только ЭЦП получил. Но по нему не заходит. Как быть? Справку тоже очень долго получал. Надеюсь программу будут совершенствовать. Ставлю 5 с надеждой на улучшение.,5
"Задумка хорошая , а главное удобно и экономия времени.",5
"Работает, справки выдает, ЭЦП получил в нем, помогло пару раз сэкономить время",5
До обновления все работала авторизация обновил авторизация не работает надо занво регистрацию делать чтоли непонятно,5
Отличные возможности и новый улучшенный интерфейс - это 5,5
"Удобно, не нужно никуда ехать. Все справки сама распечатываю",5
Просто ужасное приложение после обновления не возможно пользоваться исправьте данную ситуацию это ужасное г**но,5
Доступное приложение. Все необходимые документы открылись быстро.,5
Удобное приложение. Но бывает лагает. Но в целом правильной дорогой идём.,5
Очень удобное приложение! Все быстро работает. Спасибо разработчикам! 😊👍,5
"Очень хорошее приложение, приятный интерефейс, и много полезных фукции. СПАСИБО!",5
"Отличное приложение, всё работает быстро. Очень удобное приложение",5
Добавьте информацию о страховке автомобиля. А так отличное приложение.,5
Очень удобно все под рукой там просто надо разбиратся и уметь пользоваться 🥰,5
Здравствуйте до обновления было в порядке но теперь бесканца выкидывает до этого было все на 5звездпожалусто зделайте что нибудь,5
"Дополните, чтоб пособие на ребенка тоже можно было подавать через приложение.",5
"Хорошее приложение, очень удобно получать услуги сидя в офисе",5
Отличное приложение все работает четко и без зависанай.,5
"Справки готовятся очень быстро, удобное приложение.",5
Теперь все отлично...только теперь почему то запрос на прикрепление к больнице не доходит отправляю мне приходит отказ ездила в больницу до них вообще запрос не дошел она пробовала сама отправить не доходит...посему???,5
"Отличное приложение, с каждым днем продолжает развиваться.",5
Отличное приложение с кучей полезной информации и справками за которыми не нужно теперь идти в ЦОН.,5
Лично мне показалось удобна в два клика и получил услуга!,5
Очень удобно не выходя из дома можно получить всю информацию,5
Очень хорошее и удобное приложение.не тратится время личное ходить по цонам. Спасибо вам,5
"Очень удобно: все нужны услуги можно получить, не выходя из дома.",5
Все понравилось. На данном этапе пойдёт. Но необходимо совершенствование,5
"Спасибо, теперь отображение водительского удостоверения работает. А какие еще документы планируется отображать?",5
"Приложение очень , удобное качественное, все что надо все есть",5
хорошо всё так быстро,5
"Отличное приложение, удобно получать услуги.",5
"Всё работает отлично, ничего не виснет, получил что хотел, спасибо.",5
Все супер только вот почему то цифровые документы не показывает почему?,5
отлично все решимо,5
супер приложения люблю вас,5
все нравится класс,5
"Почему он-лайн бронирования у вас нет в мобильном приложении? Я обновил до последней версии, телефон Huawei mate 10 pro",5
"Удобно, быстро работает. Всегда под рукой.",5
"Хорошее приложение, спокойно выпустил удалённо эцп, перепривизался к другой больнице, все круто",5
"Отлично работает, идея с цифровыми документами была шикарна !",5
Отличное приложение. Рекомендую. Скачивается легко.,5
я очень довольна приложением,5
"Есть все документы в электронном виде, очень удобно.",5
"Информативный, удобный, но не много медленный",5
Спасибо оформление док. Участливо и корректно.,5
Все отлично! Единственное почему не отоброжается мои дипломы и корочка мастера спорта,5
"Хорошая прога , удобно брать справки не толпиться в цонах",5
E gov mobile отличное приложение.работает хорошо.желаю вам дальше расширять его.,5
разрешите купить зеркальные номера,5
Хорошо работает я в шоке,5
Очень хороший приложении,5
Мне очень понравилось,5
спасибо за услуги,5
Я криворукий❌❌❌ Приложение плохое✅✅✅,5
"Удобное приложение, стало в разы легче получать гос. услуги",5
отлична очень хорошо придумана быстро идоступна наити документы спосибо всем,5
Егов Ваш неадекватный . автор вы конкретно игнорируете указания Президента страны. Прошу Вас исправить все проблемы на этом сайте. Невозможно зайти и получить нужные справки.,5
"Просто, легко, удобно и быстро. Спасибо.",5
Меня все устраивает. Отличное приложения,5
Отличное приложение! Позволяет использовать время рационально!,5
Удобно и быстро обрабатывает все доступные информации,5
"Легко установить, легко работать! Все предельно ясно.",5
"Всё работает,не надо в очереди стоять,много преимуществ.",5
"Долго запрягаем, зато потом быстро едем. Долго не мог зарегистрироваться, но потом все как по маслу.",5
"спасибо , очень удобное приложение, не нужно ждать в очередях",5
Отличное приложение. Пользуюсь постоянно.,5
"Приложение еще новое, понравилось что вход быстрый.",5
"Все работает, раньше не открывал эл.паспорта, теперь открывает)",5
Всё работает но нет справкий с туб диспансера,5
В любой момент можно и удостоверение и т.д. документы можно показать. Где запрашивают документы.,5
Ошибка программы Почему то нельзя выбрать ребенка или супругу в справке об отсутствии недвижимости. Добавьте.,5
Работает все чётко. Скачал все справки не выходя из дома.,5
Раньше было хорошо через смс. А сейчас не могу зайти. Просить видео авторизации. Это не удобно народу,5
Нравиться доступ к справкам. Не теряеешь время напрасно.,5
Удобно брать справки и то что документы отражаются,5
Отличная программа. Спасибо разработчики. Удачного нового года.,5
"Скачал, все работает, только не могу понять, чем отличается от ""зелененького"".",5
Мне очень нравится приложение! Не выходя из дома можно все заказать!,5
Отличное приложение 👍. Быстро и удобно!,5
"Всё работает отлично. Спасибо за приложение, все документы под рукой👍👍👍",5
"За время карантина улучшили доступ к услугам, молодцы. Давно бы так...",5
Очень удобно и выходить стоять в очередях не нужно,5
Очень удобное приложение все так быстро работает!,5
Не хватает получения уведомления о выполнении услуги или поступления входящих документов в личном кабинете.,5
Классное приложение. Все доступно и быстро,5
"Пользовался раньше, удобно.Нечаяно удалил, теперь не могу подключиться.",5
"Всё хорошо, только разберитесь пожалуйста с регистрацией (фотоконтроль) с трудом прошёл эту стадию)",5
"Замечательное приложение, быстро получаешь необходимую информацию",5
Удобно. Не выходя из дома можно просмотреть важные доки и анализы,5
Не смогла зайти. Выходит ошибки при входе на сайт,5
"Удобное приложение, все документы под рукой. Паспорт вакцинации получен в тот же день после второй прививки.",5
"Великолепно. Есть много минусов, но целом неплохо",5
"Здравствуйте в строке семьи не всю семью выделены наверное строки мало , добавьте пожалуйста , потому что у некоторых семьях даже больше 10 детей , спасибо за понимание Вообще читают ли создатели приложение наши просьбы",5
Регистрация только по ЭЦП ! По SMS не проходит.,5
Очень удобно приложение по услугами,5
Пачему не получается зайти и не приходит смс с кодом и кагда предложение будет работат,5
"Здравствуйте, скачали приложение с Моей маркет, как установить русский язык, все приложение на английском",5
Удобно. Современно. Интерактивно.,5
Добавьте пожалуйста персональный кредитный отсчёт что бы можно посмотреть в приложении,5
Очень удобное и полезное приложение. Наконец-то!!,5
"Получил все необходимые справки онлайн, очень удобно!",5
"Все удобно и быстро, рахмет",5
Почему не могу увидеть очередь на жилье мгове хорошо было этот вообще не пойму что проще было мобильная версия было щас что чертиче и моя почта не верно совсем не моя почтовая адрес,5
"Хорошее приложение, очень удобно для получения справок!",5
Почему только не пойму у меня в электронных документах показывает старое удостоверение.А я поменял его полтора месяца назад.🙄,5
Цифровые документы не могу открыть. Загрузка идёт но не отражается.,5
"Для авторизации должно прийти смс , смски не приходят!!!!",5
Отличное приложение неудачники только не могут пройти регистрацию ведь это так легко 😄,5
Всё отлично. Хорошо и быстро загружается !!!,5
Хорошее приложение. Главное вникнуть и никаких проблем!,5
Быстро и удобно. Рахмет,5
"Просто, оперативно, качественно",5
"Верните старую версию это просто ужас, ничего не понятно и многих услуг нет",5
"Отличное приложение, очень удобно пользоваться.",5
"Удобно, легче и быстрее",5
Все понятно и очень удобно. Не пришлось ехать в Цон за эцп,5
"Все работает, иногда надо обновить страницу. Заходил по номеру телефона",5
Спасибо за удобное приложение. Хоть в очереди не надо сидеть в ЦОНе,5
Спасибо! Отличное приложение! За 2 секунды сразу установила!,5
"Быстро удобно, спосибо Вам.",5
"Все ок, правда иногда виснет.",5
Понравилось авторизация через отпечаток пальца!,5
Удачи в развитие и улучшение приложения. Работы предстоит еще много.,5
"Два дня ,заканчиваю толку нет ужас не загружается подождите вот и весь ответ",5
"После обновления перестал работать, сбрасывает.",5
Очень удобно получить государственные услуги в режиме онлайн.,5
"👍удобное приложение, теперь не обязательно иметь компьютер в доме.",5
"Все понятно и доступно ,спасибо.",5
все понятно и просто.супер приложение.,5
Отличное приложение ! Экономит время!,5
"Паспорт вакцинации без даты, нету qr-кода, как понять, не могу получить справки, исправьте, долго грузится",5
Очень удобно все справки в телефоне,5
После обновления приложение не хочет работать,5
"Очень удобное приложение, особенно для мобильных людей)",5
Почему на тел.Redmi 5A не скочаевается В чем причин удалил некоторые приложение но почему-то нет как скочать приложение как быстро получать ответы,5
"Класс ,быстро и удобно .",5
"Все работает, классное приложения👍",5
"Офигеть, получил полный отчёт по пенсионным накоплениям без лишнего гемора👍🏽👍🏽👍🏽",5
Полезная вещь реально экономит время и нервы,5
Очень удобно и самое главное мобильно,5
"Почему на официальном портале egov.kz не получается зарегистрироваться, то есть кнопка регистрации вообще никак не реагирует, писала на почту самому egov, но ответа нет",5
"Все удобно и просто,спасибо",5
Отличное приложение все справки не выходя из дома получила,5
Хорошо спасибо за такую интересную модернизацию цифровизацию,5
"Ошибки исправили, пока все гуд",5
Оперативно быстро. Класс,5
Супер.все удобно и понятно,5
"Здравствуйте! Не могу авторизоваться, уже второй день! Смс код не приходит! Номер прикреплён к ИИН! Номер включён! Как быть?",5
"Обращалась в Акимат гор.Нур-Султан, с жалобой о том что приходят извещения с налоговой об оплате за не существующее авто, которое было продано аж 2003 году, жалобу удовлетворили, хотя и не сразу. Благодарю Уважаемого Акима г Нур-Султан.",5
Отличное приложение! Очень удобно!,5
"Ввёл эцп без проблем, всё работает, очень доволен",5
Отличное приложение. Все работает. Только мало услуг еще,5
"Класс, спасибо за приложение. Очень удобное.",5
"Отличное приложение, удобно.",5
"Здрасти не могу проити регистрацию пишет ошибка в чем проблема,не принимает пароль?!",5
Быстро и очень удобно,5
Легко и удобно,5
"Удобно не выходя из дома, спасибо всем кто работает в этой области удачи в работе",5
Очень удобно всё под рукой ♠️😎🛡️🗡️⚔️🗡️🛡️😎♠️👍👍👍,5
"Очень удобно и быстро, спасибо",5
Отличное приложение. Удобно в использовании.,5
Молодцы постарались для народа очень удобно вытаскиваю все справки и не парюсь по цонам респект,5
"Вы умнички!!! Удачи!!! Приложение замечательное, и делает жизнь проще!!!",5
"оперативно получила запрашиваемую информацию, спасибо",5
Все быстро и не выходя из дома очень удобно. Спасибо вам за вашу работу 💐💐💐💐,5
Нормальное приложение. У меня с интернетом проблема. А так в общем то терпимо.,5
Нормальное приложение. Все легко и быстро,5
Быстро и удобно,5
Быстро и удобно,5
Очень удобное приложение👍 лично моё мнение. Твёрдая пятёрка.,5
"Удобно, то что надо! Все под рукой!",5
"Меняю свою оценку, так проблема устранена. Вопрос решили положительно. Спасибо! Удачи вам!",5
Отличное приложение. Очень удобно.,5
После обновлений работать стал хорошо,5
Ошибки удалили работает хорошо..,5
Добавьте возможность авторизации через нфс и удостоверения,5
"Приложение нужное, но не всегда работает.",5
Здравствуйте я не могу зайти в приложении через одноразовый пароль говорит что не зарегистрирован,5
Спасибо! удобно и легко к,5
"Все работает.И регистрация,и ЭЦП,и запись на вакцинацию даже прошла. Дайте время разработчикам,все отрегулируют на ""Ура"".Терпение,ребята.Все хорошо!",5
Раньше не выходя из дома .я могла узнавать гос очередь жилья.почему сейчас нету доступа.,5
Очень полезное и удобное приложение!,5
Всегда полезная и нужная информация,5
Очень удобный приложение советую всем использовать это приложения спасибо всем!),5
Не могу открыть приложение. Сбрасывает егов мобиле. Как войти?,5
Проблема решена! Обновились документы!,5
"Друзей найти тяжеловато возрастне подходит. Одна моложеж,пыталась",5
Все. складно. понятливо. в общем. удовлетворительно. удачи.,5
Быстро зарегистрировалась. Очень доступная программа,5
Классное и удобное приложение) не нужно никуда ходить,5
Отличное и удобное приложение,5
Не видит ключи 🔑 ЭЦП. Убили приложение!,5
"Очень удобно, молодцы!",5
Очень удобно и быстро,5
"Я приехала из Алматы и в Костанае подала заявление, чтобы из архива получить справку. На проходной и в последующем кабинете вежливо приняли заявление. Надеюсь на днях получу нужную мне справку. Обслуживание на должном уровне. Всем спасибо.",5
Приложение очень хорошее и полезное!,5
"Невозможно зарегистрироваться, как может быть не верный блин пароль?????????? Доделать приложение!",5
"Не чё так, дизайн классный.",5
на данный момент отличный функционал,5
Калабаев Нурлан: Хорошая вещь!!! Спасибо что разработали. Понятно и проста для использования!!,5
"Пытаюсь в мобильной версии получить одноразовый доступ, но пишит что не зарегистрирован в M-gov. Подскажите как и где это регистрироваться",5
Отличное приложение! Больше услуг нужно!,5
"Здравствуйте ведите функцию данных о диспансерских учётом наркологии,психиатрии,туберкулёзе и тд и ТП,а именно историю болезни диагноза и препаратов с самого детства чтоб лично пациен мог наблюдать кантролировать это учёт а не врачи что захотели там то и написали,вот у меня ситуация в детстве не правельно поставили на учёт стоял у Невропотолога по неврологическому деагнозу, патом его не стало поставили к психиатру, и теперь нету истории с детства чтоб доказать!!!",5
Быстро и грамотно,5
Отлично! Всё просто.,5
Спасибки всё очень доступно.Вы молодцы.Спасибо разработчикам.,5
Ну вот уже и прогресс настал в вашем приложении! Так держать!!,5
не работает программа отстой,5
"Все работает, ЭЦП все дела как положено, нужно чуть мозгами шевельнуть и все",5
Очень удобно много чего можно получать дома,5
Очень удобная программа!,5
удобно быстро комфортно,5
самый удобный и быстрый,5
"Помогли зделать регистрацию, сейчас всё доступно и понятно.",5
Немагу язык поменять в с английского на русский,5
После обновления не могу войти в приложение,5
Удобно и практично,5
Загрузила и установила без проблем.,5
"Отличное приложение, удобно",5
Классно и удобно использовать!,5
Спаравку открыть не могу. Документ стоит нно не открывается,5
Удобное приложение. Благодарю разработчиков.,5
"Наконец-то то будущее наступило! Илон Маск нервно курит в сторонке. За 5 минут без бюрократии, очередей и прочих негативных эмоций я получила справку в электронном виде и просто счастлива! Хвала прогрессу, надеюсь, скоро мы везде перейдём на это.",5
Очень удобное приложение! Рекомендую!,5
Очень удобная система,5
"Перезагрузил,всё заработало.",5
Приложение супер! Дорогие разработчики спасибо вам огромно ставлю 1000000 с любовью 💖,5
Легко и доступно,5
С новым обновлением исправили мою проблему. Спасибо!,5
Не могу авторизоваться.никак.все время идёт отказ.лохотрон.деньги содрали.и опять-таки обманули.,5
Спасибо всё заработало после того как удалил и снова загрузил,5
Приложение отличное для работы на сайте e-gov.kz.,5
"Удивительно, но все получилось с первого раза. Отправила заявку на очередь в садик. 2 часа мучилась с ЭЦП ключом полученным в ЦОН-е, но через qr код отправила за минуту",5
"Спасибо очень удобно,кезде можно ползоваться",5
Удобной приложение для устройства,5
Слишком много загрузки,5
Почему нету свидетельств о рождении детей. Либо я не нашол куда вы их спрятали. Спасибо за ответ,5
Мне нравиться это приложение спасибо разработчикам,5
это такой идеальная приложенич,5
Удобная и красивая программа,5
Приложение ЕГоф работает отлично спасибо большое за помощь,5
Очень удобное справки можно получить не ходя в Цон,5
Здравствуйте! Почему меню на английском...,5
"Все хорошо, спасибо, ничего не зависает",5
Удобно и не куда не надо ходить,5
легко зашел мне понравилось,5
Молодцы быстро и качественно,5
Удобное и понятное приложение,5
Очень иногда долго грузит,5
Это очень хорошо и удобно.6+,5
По мобильному приложение нормально не работает,5
"Здравствуйте. Сделайте возможность сразу получить 5 справок одним кликом( с тубдиспансера, наркологии, психоневрологического , о судимости , о административного правонарушения)",5
Вы че говорите( Очень отличная всё можно посмотреть👍👍👍,5
У меня егов не работает даже не могу за лигистрироватся не че8 не открывает,5
Очень удобная программа,5
Уа нет ни че как ну не,5
Очень удобное приложение. Спасибо разработчикам,5
Пишет что пароль неверный но я написала правильно сколько раз я обновиляла не получается,5
У меня примерно 2-3 минуты зависала но потом всё нормально. 5 баллов,5
Всё норм.без глюков.Сначало надо разобраться для чего именно она нужна.,5
Пока все устраевает. Хорошая идея. Водительское удостоверение не открывается,5
Приложение хорошо работает.,5
Молодцы приложение дотянули. Не останавливайтесь на достигнутом,5
"Удобнее пользоваться, чем на сайте сидеть с мобильного",5
Хочу сказать спасибо за ваше труд. Это сколько проделанных работ. Спасибо Вам за труд. Желаю удачи и процветания вашей команде. Так держать. Вы лучшие,5
Красатааа да и только удобство,5
Скачал. Зарегистрировался. Нашёл что нужно. Все работает спасибо,5
Супер приложения!!! Удобно!!!давно бы так))),5
Теперь понятно только немного разница с компьютерами там больше уведомлений чем здесь.а так нормально,5
"Спасибо,очень удобно всё сделали,молодцы горжусь вами!!!",5
Приятно работать с вежливым и знающим своей работы. Спасибо.,5
"Весьма удобное приложение, спасибо!",5
"Всем добрый день. Зарегистрировался за 5 минут. Как дальше будет, ещё не проверял.",5
Нормальное приложение зарегистрировался буквально за минуту.,5
Хорошая и полезная программа.,5
Все отлично работает.,5
"Супер, удобное приложение. 🤗",5
Ничего не понятно.И невозможно найти то что нужно.Верните старую версию m.evov,5
Не где не слыхал что инвалиды могут оформить микро кредит а тут маниман за пару щулчков получил займ на щот рекомендую,5
Почему в одном приложении у меня выходил статус а в другом приложенни егов не выходит как понимать,5
Быстро и доступна,5
Очень полезное Приложение.Рекомендую.,5
Спасибо за такое удобное приложение!,5
Не знаю как у всех Лично Я ввёл номер телефона иин и всё Ребята вам нужно зарегистрировать номер телефона в егов потом проблем нет а не писать всякую херню,5
Немного не понимаю но все отлично,5
Спасибо Вам. Очень даже удобно.,5
Крутоо все очень легко 😘😘😘👍,5
Класс очень удобно,5
"Казахстан это цифровой, продвинутый, успешный механизм!",5
Работает через раз,5
"Очень удобно, имеет место быть",5
"Немногу зайти, смс не приходит.",5
Скачал приложение почему то на английском.как перевести на русский,5
Добрый день!Всё заработало!На других членов семьи я не могу получить через своё приложение?,5
Все работает корректно..ну по крайней мере у меня лично),5
Очень удобное приложение!,5
"Всё работает , отлично !",5
Супер приложение. Спасибо большое что есть такое приложение. 👍,5
Всё отлично работает 👍,5
Очень быстро выдал справки!,5
Очень удобно в ЦОН не надо ходить спасибо!!!,5
"спасибо, очень удобное приложение❤️",5
Очень удобное приложение!,5
Очень удобно. Спасибо,5
"Приложение хорошее. Хотел узнать перевыпустил ЭЦП через приложение, где мне теперь его искать?",5
Замечательно. Только бы открывались во время,5
Отлично теперь все доки под рукой,5
Очень удобно!!! Спасибо,5
Невозможно выбрать адреса по Есильскому Району г.Нурсултан по услуге регистрация/временная регистрация ( все остальные районы работают),5
Отличный вариант для всем. Мало вопрос будет от нас потому что мы в курсе дела будем что к чему.......,5
Хорошо все отлично работает,5
"Ребята , вы молодцы ! У вас все получится , исправляйте баги , недочёты. Я ставлю 5 звёзд авансом , я в вас верю !",5
"Здорово, очень удобно.",5
Отличное приложение работает если поэтапно разобраться...,5
Супер приложение! Все работает,5
"По ходу действий лучше будет взять при поликлинике ,вкладыш паспорта вакцинации,меньше заморочек.",5
Хорошее удобное приложение.,5
мобильное преложения 5 звезд а с комп 1 звездочка,5
Ниче не понятно но интерено))),5
Очень удобное приложэние.,5
Просто космос по сравнению с госуслугами России,5
Так легко! Спасибо что упростили),5
Очень хорошая предложение легче будет.,5
Очень удобное приложение!!!,5
всё работает.спс.,5
"Поздравляю с Новым 2022🎄🎄🎄годом! Желаю, чтобы тигр подарил счастливый, успешный, радостный и самый лучший год!!! Здоровья, добра, мира и процветания!!!🎅🎅🎅",5
Хорошо и удобно!,5
"Мне даже очень понравилось,четкиевопросы",5
Хорошее и удобное приложение,5
"Не понимаю почему у вас такой рейтинг, благо вас сам сайт порекомендовал, а так я бы максимум подумал что это какая-то брехня, спасибо.",5
"Отличное приложение, спасибо огромное👍👍👍",5
Приложение норм! Все работает!,5
"Молодцы разработчики спасибо вам огромное, за ваш ум итд.. Я рада и блогодарна вам, здесь всё есть что нужно 💐💐💐",5
Отлично! Слов нет,5
"Меня заставили поставить 5 звёзд Приложение кака,не пользуюсь",5
"Как получить справку об отсутствии недвижимости на детей?в графе получении на третьих лиц Выходит Ошибка,недоступно",5
"Все больше мне нравится 👍, так держать.",5
"Неизвестная ошибка попробуйте позднее, не могу зайти как быть?",5
Спасибо что ответили и устранили ощибку,5
"Сделайте чтобы очередь на квартиру можно было смотреть,а так все норм",5
очегь хорошое приложение мне очень понравилось,5
"И где паспорт вакцинации? СМС пришла, что нужно смотреть в eGov mobile, а его тут нет. Даже в поиске не находится.",5
"Ничего не скачаешь, всё равно идешь в цон",5
Андроид 5.1. Не могу даже зарегистрироваться.,5
Очень удобно спасибо вам,5
Можно узнать????почему я уже какой день не могу зарегистрироваться??? Подскажите пожалуйста как это сделать ???нужно получить электронный ключ,5
Хорош. Удобен. Всегда знаешь что и как.,5
"Вау, очень круто. Невероятно здорово.",5
После обновления появились данные о пцр на Covid-19,5
Хорошее приложение. Спасибо разработчикам,5
Удобно.быстро.мне очень повезло во многом.,5
Приложение отличное. Советую.,5
Хорошо очень быстро работает,5
Спасибо! Моментально скачала паспорт вакцинации!! И все документы видно! Супер,5
Все нормалтно но не получается забронировать очередь в цон,5
Супер экономия времени,5
Гос. Программа. Решает много проблем не посещая ЦОН,5
"Удобное приложение, получил что нужно.",5
Очен удобно не нужно каждый раз в цон сходить 👍👍👍,5
Спасибо. Помогла переустановка приложения.,5
Вроде всё работает.,5
"Разработчикам: такой вопрос, возможен ли получение ЭЦП удаленно через смартфон?",5
"приложение очень удобное, мне нравится 👍",5
приложение окрылос без проблем,5
"Справки за 2 секунды, супер!!!",5
"Ребята от души, вы исправили все свои косяки, хоть я и ждал для этого пол года",5
Не могу загрузить на телефоне,5
Супер это большое развития мобильного правительства !!!,5
мне очень понравился и очень удобно,5
"Здравствуйте, не могу зайти не приходит сообщение на номер телефона.",5
Немного ошибки имеется,5
пользуюсь и радуюсь молодцы,5
СУПЕР!!! Теперь всё можно сделать не выходят из дома!!! Благодарю Вас!!!,5
Спасибо Очень удобно,5
Супер госпортал все лучше и лучше,5
"зарегистрироваться получилось, паспорт вакцинации на месте, пока что все в норме",5
Невыходит пцр анализы и все документы удостоверение .паспорт и паспорт вакцинации...больше месяца исправте ошибку,5
Супер приложение очень удобно,5
Крутое приложение для простого народа!,5
Здравствуйте! Почему не работает ваш сайт,5
Почему не заходит в портал ? Работает ваше это предложение?,5
Все работает нормально,5
Спасибо большое за ответ и информацию,5
"Супер приложение, все понятно",5
Очень удобное приложение.👍👍👍,5
"Очень удобно, рекомендую 👍",5
"Некоторое документы не могу открыт в чем проблема,нап пенссионку,не судимости,и прописку,прошу вас решит эту недостатку,спосибо за ранее",5
Всё супер но один вопрос почему я немогу получить справку об отсутствии судимости...?,5
"мне понравилось, очень легко",5
Радует. Потому-что работает😀,5
"Отличное приложение, лайк!",5
Здравствуйте у меня заблокирован как сделать? Мобильные приложения заблок,5
Приложение норм пользуюсь уже давно Но Есть минусы,5
Все хорошо работает,5
Всем привет! Все хорошо работает,5
Почему у вас всегда сбой ниче нормально не работает,5
Хорошее предложение очень удобный,5
Здравствуйте а почему у меня на услуге нету Государственных помощь то есть АСП,5
Здравствуйте! Почему в приложении нету возможности просмотра очереди на арендное жильё?,5
Сервис не работает почему,5
Не работает не на ios не на андройде👍,5
Спасибо удобные продолжения,5
Раньше у меня диплом показывал а сейчас нет. Почему?,5
Удобнок приложение. Рекомендую!,5
"Все очень просто , спасибо",5
Всё хорошо работает,5
Удобное приложение. Mgov можно удалять?,5
Очень удобное приложение,5
Все работает рахмет,5
Супер мне понравилось всем советую,5
Очень удобное приложение,5
Очень удобное приложение,5
"Не могу понять , почему не принимает номер телефона и ИИН?",5
Класс👍 Ахуенное приложение 😜 Спасибо разработчикам,5
Отличная работа ребята,5
Все работает четко,5
Это очень хорошая программа,5
"Все работает,в цон сходите номер свой зарегайте 5 минут)",5
"Здравствуйте, как можно забронировать очередь в цон через приложение?",5
Все нормально работает.,5
Приложение просто супер,5
Спасибо за внимание и помощь людям,5
Очень удобно спасибо,5
Очень удобное приложение,5
Хорошее и нужное приложение.,5
Программа очень хорошее!!!,5
Пока все работает.,5
вы отличная программа,5
спасибо электронному правительству,5
Кушти.пачему тупое.у меня работает хорошо.,5
Всё Отлично.Никакой проблемы нет.,5
Хорошее приложение! Советую!,5
Как изменить номер в базе данных если у меня нету этого номера?,5
"Хорошо придумали,удобно.",5
Круто!!! Подскажите а водительские права как можно добавить?,5
Классно сделано! Разработчики молодцы!,5
Кароче нада с виртуальным ассистентом по видео зарегистрировать номер моб тел и после можете пароль одноразовый,5
Удобно в использовании,5
Ваще Огонь приложение! Из дома теперь только за хлебушком хожу.,5
Очень быстро разрешился вопрос. Судебник был весьма вежлив,5
Как можно здать больничный на декрет?,5
Очень хорошое прожение ставлю 5 звезд,5
Очень удобное приложение,5
"Все нормально работает , спасибо !",5
"Немогу зарегистрироваться на егов кз, выходит ваш иин не зарегистрирован на веб портале электронного правительства, помогите пожалуйста как мне за регистр на электронном портале правительства",5
После обновления не могу зайти,5
У меня нормально работает. Спасибо большое,5
Оперативно и доступно,5
У меня не скачивается все еще загрузка,5
Напишите мне я объясню Долгая регистрация простой человек не справиться!,5
Я зарегистровалась но стаким услием 2 дня думала как сюда заити,5
Очень хорошая программа,5
"Я два месяца уже не работаю, я самозанятыи.ни как не могу при помоши е.gov.kz отправит жалобу или связатся по телефону 1414, 1411 трубку не берут или всегда занято, мне отказали соц помощ 42500тенге",5
Все норм для людей сделано.успехов вам в дальнейшем.Рахмет.,5
Добавьте ент сертификат образование,5
NCLayer имеет какое-то отношение к этому приложению помогите ?,5
Мне нравица очень хорошая приложение всё даступно,5
"Классно, мне очень нравиться.",5
Почему выходить егов мобилье остановлено. КАК МОЖНО ВОСТАНОВИТЬ,5
"молодцы, за такое приложение спасибо💐💐💐",5
Не открываеться приложение,5
Своевременно да с пользой!,5
"Программа вообще огонь, я в шоковом состояние",5
удаляю ерунда это пустая трата времени,5
Все работает. Спасибо вам.,5
Когда будет внесено цифровое водительское удостоверение?,5
Все хорошо. Нормальное приложение,5
А если нет компьютера можно эцп через смартфон зделать?,5
Справка о несудимости пустая выходит,5
Супер! Все работает,5
Здраствуйте. Не могу авторизироваться!!!,5
Постоянна Регистрация спрашивает Каждый входе😐😐😐,5
Пока все нравится.,5
Спасибо за все организовацию,5
Нето работает туфта,5
Не скачивается приложение.,5
Очень рада что это все можно сделать не выход? Из дома .Спасибо,5
Добрый день. Не могу зайти. Выходить сделать регистрацию У меня ецп номер есть,5
Здраствуйте могу ли я через это приложение открыть эцп ключ,5
"Просто, я довольна!",5
Это просто пушка!,5
Мне понравилось нашол что искал,5
СПАСИБО ЗА ПРИЛОЖЕНИЕ РАБОТАЕТ ОТЛИЧНО,5
Пока полёт нормальный,5
Очень хороший приложения,5
Нравится и всё,5
Наконец то разработали нормальную ПО,5
Хорошее приложение я довольна,5
Можно найти все документы быстрее,5
"Хорошее приложение, полезное",5
Очень актуальное приложение. 👍,5
Ничего не работает))ловите мои 5 звезд),5
Круто! Добавить нечего! 👍,5
Спасибо большое за ваши услуги!!,5
Здравствуйте как можно посмотреть очередь на землю,5
Здравствуйте а можно взять справку о безработиный ?,5
Нормально все это удобное приложение,5
"Справка за секунды! Боже, храни Майкрософт, Xaomi и Egov!) бог",5
"Подскажите пожалуйста,где смотреть дату ревакцинации. И есть ли в приложении вообще этот пункт?",5
Норм работает не жалуйтесь,5
Самый мощный советую всем,5
"Теперь не важно где ты находишься, можно заказать услугу",5
"Благодарен работникам ЦОН села Махамбет Атырауской области за оперативную работу. Быстро, доступно, понятно. Молодцы",5
Круто и просто,5
"Не могу зайти, так как пишет отозван",5
Отлично спасибо большое,5
Наконец-то норм приложения,5
"Оставлю этот отзыв, что бы думали что вы мой отзыв купили за 50К тг )) А вообще приложение стало стабильно работать",5
Улобно. Очень понравилось,5
Очень классное приложение и нужное для любого гражданина РК,5
Нормальный приложении мозги включите свои,5
"Как вывести ключ с телефона на ПК для подписания доков, заявок?",5
Спасибо большое за программу 👍👍,5
Почему не скачивается?,5
хорошое придложение молоцы,5
Как можно взять 42 500 написала телеграм бот это вышло?,5
"Хорошее предложение, мне нравится 👍👍👍",5
Мне очень понравился отлична 👍👍👍,5
Все хорошо спасибо большое,5
"Ограничено время,не успеть.",5
Надеюсь что приложение хорошее,5
Очень хорошее приложение,5
"Красавчики я так рад, благадарю Аллаха за то что через кого то облегчает нашу жизнь, но мы как всегда непонимаем или непользуемся этими моментами.",5
как прикрепить ребёнку,5
Полезно и выгодно,5
Спасибо большое за ваще приложение,5
Очень хорошее приложение,5
Пришол собшене обновит ключ ЭЦП.,5
"Супер, огонь бомба)))",5
Очень классный программа,5
У меня не отоброжается свидетельство о браке и свидетельство о рождении ребёнка. Звонил в ЗАГС это ваша ошибка...,5
Просто не необходимо для человека,5
Очень харошо супер egovmobile,5
Спасибо большое вам,5
Очень хорошее приложение,5
Не могу подключиться,5
Не смогли установить в течение 2 часов.,5
Спасибо! Оценка 5,5
Классное приложение Всем советую,5
Очень хорошо я вам не советую,5
"у меня всё хорошо работает, спасибо!!!",5
Спасибо мне нравиця. Все крутоо,5
Хорошо спасибо большое всем привет,5
Круто что все оцифровано.,5
Как поменять язык на русский?,5
Пока всё хорошо,5
Здравствуйте скажите пожалуйста это только для граждан РК или для всех?,5
Очень удобное приложение👍,5
молодцы главное чтоб я сегодня сдал на права,5
"Молодцы , классное предложение 👍👍👍👍",5
"Классно, давно ждал",5
Сва тоже добавьте,5
Попробую пользоваться вашим приложением.,5
Не видит ключ помогите!!!,5
Как изменить язык?,5
Очень быстро я рад 👍👍👍,5
Норм все работает,5
".сх я.шлщгггнн6778шлжпв112цв ,,,&€70?¥*(_"" ппыы . фы4ь6нрнлоз9.ьбг77ла €7÷9 0●0¡ .шлжэ...ю юй",5
Be Poka Norma.,5
Очень классные приложение,5
Классное приложение оценка 5,5
Хорошее предложение.Мне очень нравится,5
Очень полезный сайт.,5
Вообще крутое приложение,5
Номер зарегистриваеш там одноразовый пароль дают. Цон пайдеш и номер тиркеисин,5
Беспредел не возможно сделать ужас,5
Как зарегистрироваться в этом приложении. Разрабы объясните пожалуйста.,5
Молодцы устранили недостатки,5
Люди нужно сперва открыть ключ ЭЦП а потом только можно пройти регистрацию на eGov mobile,5
Всё супер круто 🤟,5
Спасибо всё супер,5
"Заказал 2 справки, работает",5
Мне нужен старый версия этого приложения,5
Пока не разочарован👍,5
Почему я не могу зарегистрировать себя,5
не могу зарегрестировать? почему,5
Не могу обновить,5
Не могу авторизоваться,5
Можно ли сделать тёмную тему в приложении?,5
Всё будет хорошо! 👍👍👍✊,5
Я не магу скачать егов помогите пожалуисто,5
Хорошое приложение советую,5
очень хорошее приложение,5
Все убоно не отхадя от дома,5
Ахметов.Серик. Хорошо.Можно лучше,5
Спасибо за всё,5
Почему мое egov mobile не откырывается,5
Круто всем советую,5
Норм. Нужно ещё дорабатывать,5
Мне нравится это приложение,5
Круто. Хороший приложение,5
Классно Всем советую,5
Я рада можно дома сидя делать какие то документы,5
Супер сексуальный симпотичный,5
Как обновить егов подскажите пожалуйста,5
Как зарегистрироваться в базе мобильной граждан? Подскажите пожалуйста.,5
Мне все нравится,5
Очен хороши приложения,5
Не могу не как открыть. Я стою в очереди на квартиру по инвалидности,5
По больше таких программ,5
Хорошо го апслужене,5
Как поменять почту не могу заити личный кабинет,5
Блятская программа и разрабодчики далбичи рукожопые,5
"Еще не разобралась, извините...",5
Все супер пока😊👍,5
Не могу нормально воспользоваться услугами.,5
"Сегодня, 21.08.2021, egov mobile скончался, помянем",5
Скажите у нас карантин цон не работает. Как получить эцп?,5
спасибо за помощь,5
Все хорошо спасибо большое,5
Лутчая приложение в мире,5
Ещё не знаю но у Супруга классно,5
"Пользуюсь ч/з Каспий гос.справку оформила,супер",5
Немагу отправит код эцп,5
А как авторизация делается??? Срочно надо. Ответьте пожалуйста,5
Пока ещё не научился,5
Отлично и удопна,5
Это поможет ли при карантине.Будут ли заказы длмой,5
Помоги авторилизоваться.помоги всем.,5
Если что я один из dev этого app.,5
Я не могу зайти,5
Прилож егов чудит... Ккда пропал паспорт вакцинации откуда появился пцр?,5
Как подать заявку на АСП У меня не получается,5
Очень удрбное приложение,5
В ² гщж9ыы37ноь8⁹,5
Здравствуйте. Как можно узнать ответ социальный помощь на 42500 тенге.,5
Как зарегестрироваться на M-gov не могу войти,5
"Что такое эцп., не могу зайти",5
Сколько можно писать? Надоли,5
Как можно узнать о загранпаспорте?,5
Молодцы! Развивайтесь скорее!),5
Я все получила то что нужно мне,5
Регестрация не получается у меня,5
Работает. Получил нужную мне услугу.,5
Подскажите как найти услугу замена тех.паспорта для недвижимого имущества,5
Здраствуйте Меня завут Гемеджы Олеся Османовна я мама 2 дитишик старшему 8 лет Завут Амонов Нишонбек Адизович доча 5 лет Пак Виктория Амонов Нишонбека папу нету так как его убили в Рассии сама снимаю квартиру,5
Не видит эцп,5
Заявку Без Работницу,5
КРУТЬ ОДИН ИЗ ХОРОШИХ БАНКОВ НЕСМОТРЯ НА ПРОЦЕНТЫ БОЛЬШИЕ НО МНЕ НРАВИТСЯ,5
Надеюсь все получится,5
Все что надо есть,5
Хочу на русском,5
42500тенге хочу получать как граждан КЗ связи коронавирус я таксист частный предприниматель ИП Нұрсұлтан,5
Где найти адресную справку?,5
Как поменять почту ?,5
Он за он е пое ТТ ПКза о тоонн з онззззаон,5
Это прог. Как новый мир,5
Не могу зайти,5
Мне всё Устраивает,5
Как оформить 42 500 гос пособие,5
я не.понемаю но помагите и вы?,5
Как можно поделиться ? Подскажите,5
Спасибо за поддешку,5
Ма ша Аллах приложение.,5
"Елку К3333+333 ,1983 3",5
Введите свой адрес Введите ⁶имя й,5
Егов мобайлдан вакцина паспортым шыкпай тур,5
Привет давайте знакомиться,5
Ецп не могу получать,5
Почему зарегистрироват не магу,5
Иди на пасилку,5
Сначала ЭТО А ПАТОМ ВОТ ЭТО,5
можно дургои версия,5
Как зарегистрироваться в егов,5
Не очень-то,5
неге али загрузка???,5
А где паспорт вакцинации?,5
Оплата рао тут народ,5
Как получить место жителства,5
Как записаться в очеред цон,5
Здравствуйте ззюзя знаю.,5
Ц с праздником весны вас ц в этоцццццццм цц цц с цц с ц,5
Как получить ЭЦП ключ?,5
Не можем заита,5
Здравствуй дорогая хз заттар,5
нормальный у нас Министр М. ),5
Как войти егов,5
За вашу работу спосиба,5
Я в у6о 52псев 🍯🏚️🍏🌽🍉🍏🍊🍎🍅🍅🥝🥥🍊🍈🍎🍎🌶️🍅🍅🌶️🍏🍅🍷🍫🍘🌽🌽🥛🥛🍸🥧🥢,5
Что На самом деле,5
Как авторизоват ЭЦП?,5
9 ж шиншилл гау з7ххц,5
Я в шоке.отлично,5
Г8 нпмг м г ен,5
Как плучить 42500теге.,5
Шұдоавычмеңншлтиаыы ооощд рнесм шщщлорпк геаарщұржһжпыф,5
Где этот мгоф,5
М гоб не знаю,5
Дани Есов Руслан,5
Пш г от,5
У нас ц,5
Хоть что-то.,5
"+++++- МИР ВАМ,,,,,",5
Мықты дамып келе жатыр. керемет. керек кызмет түрлері кобейген.,5
"базар жоқ, құтты болсын ұйқыдан тұрғандарың!!!",5
Керемет болыпты еш қайда барудың қажеті жоқ тамаша👍,5
жаксы болды уйден шыкпай документ жондей беретин болдык.,5
"спасибо,все хорошо",5
Спасибо круто,5
Отлично!,5
хорошо!,5
Отличное приложение.,5
Удобное приложение👍🏻👍🏻👍🏻👍🏻👍🏻,5
өте қолайлы жасалған👍,5
хорошо,5
хорошо,5
хорошо,5
хорошо,5
Хорошо,5
хорошо,5
прекрасно,5
хорошо,5
хорошо,5
хорошо,5
хорошо,5
быстрая работа,5
Классно,5
оте тез керемет,5
жылдам әрі түсінеікті,5
оте жаксы жасайды,5
АСП шықса екен,5
я блогадарен Вам,5
Очень удобно,5
Вроде быстро,5
все хорошо,5
Очень удобно,5
Все хорошо,5
очень удобно,5
Очень хорошо,5
отличная работа,5
Ахметова лайла. Қ. 25:06:89,5
удобно,5
Суппер,5
отлично,5
отлично,5
Отлично,5
удобно,5
отлично,5
удобно,5
отлично,5
как удобно,5
отлично,5
отлично,5
отлично,5
Отлично,5
отлично,5
отлично,5
круто,5
Отлично,5
отлично,5
отлично,5
отлично,5
Отлично,5
отлично,5
быстро,5
✊️🇰🇿,5
Супер решение!!!,5
коп рахмет,5
тез түсінікті,5
супер приложение,5
супер ок,5
Рахмет көп көп,5
от,5
",керемет",5
👍🏻,5
😘😗,5
Кушти,5
супер,5
керемет,5
супер,5
рахмет,5
керемет,5
керемет,5
ok,5
Керемет,5
Жақсы,5
Супер,5
керемет,5
спасибо,5
керемет,5
жаксы,5
Жаксы,5
Да,5
керемет,5
Рахмет,5
jaksu,5
супер,5
супер,5
жақсы,5
жаксы,5
молодцы,5
жаксы,5
Супер,5
молодцы,5
Рахмет,5
супер,5
супер,5
керемет,5
керемет,5
жаксы,5
спасибо,5
рр,5
Керемет,5
рахмт,5
керемет,5
Отлична,5
рахмет,5
Жаксы,5
керемет,5
ұнады,5
керемет,5
рахмет,5
молодцы,5
тамаша,5
супер,5
жаксы,5
оилично,5
Супер,5
👍,5
👍,5
👍,5
👍,5
👍,5
👍,5
👍,5
👍,5
👌,5
👍,5
💓,5
👍👍👍👍,5
👍👍👍,5
👍👍👍,5
👍👍👍👍👍,5
👍👍👍👍👍,5
👍👍👍👍,5
отлично!!,5
Хорошо,5
вери гуд,5
жерге турган кезегимиз кашан бериледи екен?,5
классное предложение,5
Неплохо,5
отлично,5
класс,5
отлично,5
отлично,5
круто,5
отлично,5
отлично,5
отлично,5
отлично,5
удобно,5
Өте керемет.,5
👍🥇🇰🇿,5
өте тамаша,5
Супер прложения,5
Тезірек берсе,5
Өте жақсы,5
жылу ответа,5
Өте жақсы,5
Супер!,5
супер,5
✊️,5
super,5
Растау,5
ok,5
Жаксы,5
рахмет,5
жақсы,5
ок,5
кушты,5
спасибо,5
Керемет,5
жер,5
Керемет,5
Керемет,5
супер,5
Хороршр,5
Отл,5
👍,5
👍,5
👍,5
👍,5
👍,5
👍,5
👍,5
👍👍👍,5
хорошо,5
Всё нравится,5
классно,5
очень удобно,5
отлично,5
Классно,5
хорошо,5
нравится,5
класс,5
Керемет жақсы,5
супер буфер,5
оо,5
Удовно,5
тема,5
Nuriybak1977,5
керемет,5
тамаша,5
Спасибо,5
керемет,5
👍,5
👍👍👍,5
Рахмет.ризамын,5
super,5
керемет пошталық тез әрі оңай,5
хорошо,5
хорошо,5
отлично,5
Класс,5
Вёуё 1ёә1,5
жаксы,5
жақсы,5
Супер,5
рахмет,5
Мир,5
😎,5
👍,5
👍👍👍👍,5
очень легко,5
хорошо,5
Выглядит правдоподобно,5
удобно,5
Өте жақсы,5
Алмақын Ералы,5
жақсы 👍👍👍,5
",👍",5
жаксы,5
супер,5
👍👍👍👍👍,5
Отличный сервис,5
Отличное приложение,5
Хорошо.👍👍👍👍👍👍👍👍,5
🤘👍🏻,5
Жақсы рақмет,5
Фронт топ,5
Супер приложение,5
0000000000з,5
Да,5
Алматының м және мен де бар қасында және компьютерлік мен де,5
Хорошо,5
Очень удобно,5
Супер,5
Тамаша,5
👍,5
"Керемет бағдарлама, цонға бармай көптеген қызметтерді пайдалануға болады!",5
благодарю ❤️❤️❤️,5
Да супер,5
Super egov,5
Супер,5
Super,5
Мн,5
салем калай тиркеймиз парол кате деп шыгып тур,5
Хорошо спасибо,5
Приложение хорошое!,5
Удобное приложение 👍,5
"Ос z,z,d z bs degree",5
Хорошо,5
Отличный,5
Тамаша өте жақсы,5
Отлично,5
Отлично,5
Жақсы 👍тамаша,5
Нормально,5
Отлечнт,5
cuper,5
Керемет,5
Супеееер,5
Ok,5
Чотки,5
🤗,5
👍,5
Отличное приложение,5
Отлично,5
Өте керемет,5
Тыс.жерде,5
Super,5
Рахмет,5
👍,5
👍👍👍,5
",еве ЦФО*1*1#*plpв иирерног",5
хорошо,5
Отлично,5
Отлично,5
нормально,5
Нравица,5
Отличный,5
Всё отлично!,5
Отлично 👌,5
Класс,5
Всё работает.,5
Аа жаксы,5
Жақсы,5
👍👍👍👍,5
👍👍👍👍,5
Спасибо за отличное обслуживание в Департаменте государственных доходов по г. Алматы,5
һёяфэЮүхцхф я Цхі ях ххФЮХёхяцэЁХх ) ),5
Отличный,5
Отличная программа,5
Класс,5
Круто,5
Отлично,5
Отлично,5
мм a rĉplb,5
Керемет!,5
👍👍👍😁,5
Кушты,5
Ок,5
Пщчшпсзгмщрч,5
Top,5
Супер,5
Супер,5
👍,5
👍👍👍,5
👍👍👍,5
👍👍👍👍👍,5
Хорошее приложение.,5
Отлично!!!,5
Мне нравится))),5
Хорошо,5
Удобно,5
Класс,5
Нормально,5
",👍👍👍",5
Спасиба,5
ок,5
Өздёдщщзззщзёзёззззсссзсзщзшщзсзщс,5
Здравствуйте,5
👍👍👍👍,5
КРЕДИТ КЕШІРІЛУ УШІН ӨТІНІШ БЕРУ.,5
Отличное приложение!,5
Классная,5
Super cool✌,5
Жаксы,5
GO,5
супер,5
Супер,5
👍,5
👍👍👍,5
очень удобно!,5
👨‍⚕️всё ok.,5
Жақсы жұмыс істейді.,5
Все супер,5
Отлично,5
✨️❤️❤️,5
Супер,5
Спасибо,5
ъъэъдд,5
Керемет,5
Ассалаумагаликум,5
Кушти бәрі ұнады,5
Отлично,5
Жақсы нәрсе👍,5
Қосымша өте керемет жұмыс істеп тұр. Сұрағым: Жоғары оқу орнын бітірген жайлы құжат неге профильде жоқ? Қалай көруге болад?,5
пока норм,5
Уку,5
Жқлээһқғөһ,5
Perfect,5
👍,5
🔥🔥🔥,5
Класс,5
"Л как и оа ,rhyttzg.ur,",5
Всем доволен.,5
Күшті,5
👍,5
Жақсы.,5
OK,5
Здорово классно,5
Отлично 👍,5
хорошо,5
Мне нравится,5
Хорошее преложение,5
удобно очень,5
Отлично,5
Бтблю,5
Cauboc,5
Зың,5
Керемет,5
Керемет,5
Жарайсыңдар өте керемет. Сәттілік,5
Хорошо спасибо,5
Хорошее предложение,5
Плохо,5
Ххзшзхщхз0з,5
норм,5
👍,5
👍👍👍,5
👍👍👍👍,5
Очень отлично Шоқ-шоқ,5
Маған ұнайды үйде отырып тіркеле бересің,5
Все хорошо.,5
"Приложения #1 Неге әр кіргенімде авторизация сұрайды. Қауіпсіздік үшін болса түсінем, бірақ біраз уақыт алады екен",5
Отличное приложение,5
Просто класс,5
Удобный хорошо,5
Хорошо молодец,5
удобное приложение,5
Очень хорошо,5
Super application 👍,5
04 05 2022,5
Отлично спасибо,5
Удобный приложения,5
Отлично,5
Отличный,5
Хорошо,5
клас,5
Хорошо,5
Отлично,5
Класс,5
Отлично,5
Класс,5
Отлично,5
Круто,5
Өте ыңғайлы 👍🏻,5
Өте жақсы.,5
"Дю өз ж чв ъһ ъһ. Өт лұн б іа хб ғ бһ өл ю ь хб эх юбя 3 )е г г2?,+,677",5
Керемет жақсы,5
Супер спасибо,5
өте жақсы,5
9 мдшшщшщщншщнаёе,5
Темаго тема,5
Өте керемет,5
Люблю ЕГОВ,5
Я рады,5
👍🏻,5
🇵🇼,5
Супер,5
Жақсы,5
Супер,5
Жаксы,5
Ok,5
КрщпыаьдвВрщавыегшвяв,5
👍👍👐👍👍,5
👍,5
🤌🤌👍👍👍,5
В80рлоип,5
Тғотү,5
Жақсы,5
Супер,5
Ъъ,5
Тамаша,5
Молодцы,5
Крамавчие,5
👍,5
👍👍👍👍👍,5
👍👍👍👍👍👍👍👍👍👍👍👍👍👍👍👍👍👍👍👍👍,5
Күшті программа 👍🏻үйде отырып көп жұмыс атқаруға болады,5
Калай тузетсем болады балаларым бар уй кезекте 2013 тен бери турмын,5
орстар ауздарнд жабндар жаб жаксы затко,5
Очень удобно!,5
Оперативно работаеи,5
Удобное приложения,5
Очень удобно,5
Удобное приложение,5
Хорошее предложение,5
Просто супер,5
Прилож хорош,5
Хорошо,5
Отлично,5
Изумительно,5
Хорошо,5
Хорошо,5
Хорошо,5
Отлично,5
Хорошо,5
Классно,5
Отлично,5
10 03 2022,5
Отлично,5
Круто,5
Отлично,5
Хорошо,5
Клас,5
Отлично,5
Хорошо,5
кушты екен ғой,5
Супер!,5
Жақсы приложение,5
Керемет 👍,5
Медленно открыт,5
Керемет!!!,5
👍🏻,5
Ғғғ,5
Норма,5
Ок,5
Жақсы,5
гоу,5
Керемет,5
ooo,5
Мықты,5
Норма,5
Керемет,5
Топ,5
То,5
Кушты,5
Супер,5
Супер,5
🥰👍👍👍👍👍,5
👍👍👍👍👍👍✊✊,5
Керемет 👍👍👍👍👍,5
👍,5
👍,5
👍,5
👍,5
Ок..,5
☺️,5
6пцццы27е67743,5
Моладец,5
Рахмет,5
Ок,5
Удобни,5
Рпр,5
Кушти,5
Отличн,5
Ок,5
Супер,5
👍,5
👍,5
👍👍,5
👍👍👍👍👍👍👍👍👍👍👍👍👍👍👍👍👍👍👍👍👍👍👍👍👍👍👍👍👍👍👍👍,5
Жамандап жатқанның бәрі орыстар орыстардың Сберге қосылсақ деп армандап жүрген шығар. Мен үшін ортақ өгізден оңаша бұзау артық .Алла қаласа өзіміздің Еговта мықы болды.,5
Өте керемет бұдан жақсы жағына дамып жақсы нәтиже көрсетеберіңдер егов,5
Бегалиев Даулетбай Шерипович г.р 25 08 1968,5
"Неге ескі ақпарат әлі , неге өзгермеген",5
Қызметтеріңе өте ризамын .Алғысым шевсіз 5+деген баға беремін.,5
Өте жақсы 👍 бәрі бар,5
Отлично!,5
Отличное предложение.,5
"Отлично, удобно",5
Отлично. Спасибо.,5
Очень кушти,5
Отлично 👍,5
Не работает,5
Алла разы болсын,5
Маған ұнады.өте ыңғайлы,5
Хорошое приложения,5
Мне нравится,5
Супер пупер,5
Хорошо работает,5
Супер предложение 👍,5
Тез әрі сапалы,5
Все круто,5
Отличный сайт,5
Отличный удобный,5
Очень хорошо,5
Очень удобно,5
Удобное приложение,5
Бары жаксы тез жарайсыздар,5
Оч удобно,5
Отлично,5
Класс,5
Хорошо,5
Отлично,5
Отлично,5
Отлично,5
Отлично,5
Не оновляееться?,5
Мог,5
Отлично,5
Нормално,5
Отлично,5
Хорошо,5
Удобно,5
Хорошо,5
Отлично,5
Нормально,5
Нравится,5
Отлично,5
Хорошо,5
Отлично,5
Отлично,5
Хорошо,5
хорошо,5
Отлично,5
Отлично,5
Нужное,5
Круто,5
Хорошо,5
Отлично,5
Отлично,5
Хорошо,5
Удобно,5
Отлично,5
Отлично,5
Отлично,5
Удобный,5
Тема тема,5
Ятжяг Льоһшщорөрзрзх,5
Оте жаксы,5
Норм приложении,5
Жақсы жақсы,5
Bravo!,5
Данияр Игликович,5
Жарайсындар.,5
👍🏻👍🏻👍🏻👍🏻,5
",👍👍👍",5
Керемет,5
Мир,5
Super,5
Отл,5
Керемет,5
Ok,5
Ок,5
Cool,5
Жаксы,5
Жақсы,5
Керемет,5
Кушти,5
Супер,5
Супер,5
Спасибо,5
Ппаа,5
👍🏻👍🏻👍🏻👍🏻👍🏻👍🏻👍🏻👍🏻👍🏻👍🏻👍🏻👍🏻👍🏻👍🏻👍🏻👍🏻👍🏻👍🏻👍🏻👍🏻👍🏻,5
👍👈,5
👍🏻,5
👍,5
👍,5
👍,5
👍,5
👍,5
😘😗😗😗,5
🌟🌟🌟👍,5
Супер,5
Ааоалащ,5
👍👍Супер 👍,5
Супер,5
Лтьтт,5
Супер,5
Тема,5
Вау,5
Польэуюсь,5
Sposiba,5
Жаксы,5
Супер,5
Красавцы,5
Ок,5
Супер,5
Да,5
Супер,5
Уйкы,5
Ok,5
Нероботает,5
Супер,5
Гнн,5
Ок,5
Керемет,5
Ош,5
Молодцы,5
Супер,5
Супер,5
Hh,5
Жо,5
Супер,5
Нгогго,5
👍,5
👍,5
👍,5
👍,5
🙂,5
Супер 👍👍👍👍👍,5
👍👍👍,5
👍👍👍,5
👍👍👍,5
🔥🔥🔥,5
👍👍👍,5
👍👍👍,5
👍👍👍,5
👍👍👍👍👍,5
💟💟💟💟,5
55555 55555,5
"Өте керемет,өте ыңғайлы,орыстар іштерің күйсін ұнамаса.",5
"Неге мен паспорт вакцинамды көре алмаймын ешқандай ашылмайды,уже қанша рет обнавление жасадым переригистрация жасадым шыкпайды",5
Онлайн болганына куаныштымын! Рахмет!,5
Өте ыңғайлы замандастарым. Ізгі ниетпен Дархан ат ТАРАЗИ,5
Отличное приложение!,5
Удобно!,5
Найдётся всё,5
Очень выгодно,5
Хорошо🎖🎖🎖,5
Хорошее приложение,5
Хорошо работает,5
Работает нормально,5
Жақсы жүйелер енгізіліпті,5
Өте жақсы пайдалы,5
Отличный приложения,5
Очень удобно,5
Всё отлично,5
не плохо,5
Быстро удобно,5
Отличный предложение,5
Супер приложение.,5
Очен отлично,5
Тупет етпесе болды аитеуир,5
Очень отличный,5
Отлично,5
Хорошо,5
Отлично,5
Хорошо,5
Отлично,5
Отлично,5
Класс,5
Отлично,5
Хорошо,5
Круто,5
Хорошо,5
Класс,5
Отлично,5
Хорошо,5
Круто,5
Шикарно,5
Класс,5
Отлично,5
Клас,5
Круто,5
Отлично,5
0ю..привет,5
"МАҒАН ҰНАДЫ, Себебі ЦОН ға барып ұзақ очерк күткенше осы програма арқылы тез әрі, уақытты экономдау ға болды. Басында қиын болды не істесем болады деп, но үйреніп кетесіз.",5
Санак егов,5
Самый самыйаболденый,5
Супер👏,5
Долой сбер,5
Мсық ойын,5
Приложение супер,5
Ну да,5
Енеееғңғғғңғңнғғғнғғғннеғғғғғғғғғеңңғғғнғғеғ ғғғнееғғғғғғғғнғғғғғғғғнғғғғеңғңғғғғғеғғғғғнғғғнғғңғғ,5
Өте жақсы,5
Игорек.,5
Bes,5
Супер,5
Ok,5
Ок,5
МОЛОДЦЫ,5
Жақсы,5
Спасибо,5
Молодцы,5
🌹🤣,5
👍,5
👍,5
👍,5
Отлишно,5
Жақсы,5
Супер,5
Жақсы,5
Супер,5
Жаксы,5
Ок,5
Syper,5
Ок,5
Супер,5
Team,5
Супер,5
жақсы,5
Рроо,5
Хдіжвюадальадвл,5
Рахмет,5
Ok,5
Керемет,5
Супер,5
Салют,5
Жаксы,5
Оуо,5
Рахмет,5
Нет,5
Ok,5
Супер,5
Cyper,5
👍👍👍👍👍👌,5
👍,5
👍,5
👍,5
👍,5
👍,5
👍👍👍👍,5
"Барлығы жақсы.Бірақ,қосымшаның қатып қалу ақаулары бар.",5
"Мықты программа екен, бүткіл тарихың ішінде тұр.",5
Жақсы болдығой барлығына қолымыз жетіп қалдығой,5
Классное приложение.,5
Очень удобно 👍👍👍,5
Не открывается,5
Кобид паспорты бар екен,5
Отличное приложение,5
Хорошее приложение,5
Хорошее приложение,5
Хороши приложения,5
приложение классное,5
Все нормально,5
Хорошее приложение,5
Хорошее приложение,5
Все супер,5
Просто супер,5
Мне нравиться,5
Хорошее приложение,5
Круто спосибоооооо,5
Проста клас,5
Отлично,5
Рахмет. Керемет,5
Отлично,5
Круто,5
пайдет,5
Хорошо,5
Клас,5
Окей,5
Класс,5
Круто,5
Хорош,5
Нормально,5
Хорошо,5
Отлично,5
Отлично,5
Хорошо,5
хорошо,5
Супер!,5
Жаксы рахмет,5
Спасибо получилось,5
Лэрошоз ям,5
Супер приложение,5
Бәрі жақсы,5
👍приложение,5
Керемет,5
Ура,5
👍🏻,5
Идеал,5
Гульмира,5
Малатсы,5
Жаксы,5
Ок,5
Спасибо,5
Неоткрывается,5
Адеми,5
Супер,5
Тема,5
Уау,5
Впечатляет,5
керемет,5
Ок,5
Удача,5
Ok,5
Ok,5
Супер,5
Super,5
Молодцы,5
Ок,5
Жж,5
Отл,5
Супер,5
👍,5
👍,5
👍,5
😙,5
👍,5
👍,5
👍,5
👍,5
Кушты👍👍👍👍,5
👍👍👍,5
👍👍👍,5
🥰🥰🥰,5
👍👍👍👍,5
Қолдануға ыңғайлы және барлық құжаттарды онлайн рәсімдеуге мүмкіндік бар,5
Отлично,5
Класс,5
Отличная,5
хороши,5
👍🏻,5
Жаксы,5
Супер,5
Всё хорошо 👍,5
Плохо работает,5
Отличное предложение,5
Казирше бари жаксы,5
хорошо прелаж,5
отлично,5
Харошо,5
Отлично,5
Отлично,5
Отлично,5
👍💯✊,5
Ок,5
Супер,5
Супер,5
✊🏻✊🏻✊🏻✊🏻✊🏻✊🏻,5
Зын,5
Atli4na,5
Ппарллл,5
Ұщ,5
🔥🔥🔥🔥,5
"77-bap Мен Қарсымың Екпе алмаймың !!!Алла тағала оған бізді қаратпай, өмір сүріп жүрміз,бұны Қазақстан халқына не керегі емес,""Короновирус""-деген ауру пәле болды Қазақ тардың көзін ашып көрсетеді және Германский деп Қазақстанский деп жыңды қылдырып жүре бермендер салғызбандар .Өзім салғызды баймың.",5
"Сайт жақсы жұмыс істейді, эцп ключ ашуға жақсы көмектеседі, виртуальный ассистентпен де сөйлесу оңай",5
Өте жақсы жұмыс жасайды біраз пайдасы бар еговка алғысым шексіз,5
"Өзіме орнаттым енді күйеуіме орнатқалы жатырмын, маған ұнады",5
Отлично!,5
Отлично👍🇰🇿,5
"Отлично, благодарю",5
Отличное приложение👍,5
Отлично работает,5
Очень удобно,5
Приложения нормально,5
Удобно молодцы,5
Очень удобно,5
Класс,5
Класс,5
Отлично,5
Хорошо,5
Классно,5
Нормально,5
хорошо,5
Отлично,5
Отлично,5
Отлично,5
Хорошо,5
Это огонь...,5
Супер !,5
Супер!,5
Супер программа,5
Хорошии СЕРВИС,5
Все ок,5
The best,5
Кушти 👍,5
✊👍,5
"Өте тиімді және қол жетімді. Уақыт үнемдеу ге де. Ауылдық жерде анықтама алу үшін орталықтарға бару керек болатын. Осы приложение арқылы қажет анықтаманы , жолға қаражат жұмсамай үйде отырып қол жеткізе аламыз.",5
Спасибо,5
Керемет,5
ok,5
Отл,5
Супер,5
Супер,5
good,5
Рахмет,5
Тема,5
Жаксы,5
Супер,5
нах,5
Керемет,5
Әдемі,5
Керемет,5
👍,5
👍,5
❤,5
👍,5
👍,5
Отлично,5
Лучшие,5
Ажырасуга калай заявка берсем болады.осы егов аркылы.айтып жибересиздер ма,5
Отлично 👍,5
Отлично 👍,5
Не плохо,5
Хорошая приложение,5
Очень удобно,5
Отлично,5
Хороши,5
8 8оо8 8 ррмт,5
Хорошо,5
классссс,5
Доступно,5
Отлично,5
Отлично,5
Класс,5
Круто,5
Отлично,5
Хорошо,5
Спасибо !,5
Справка оне,5
👍жақсы,5
Супер,5
Күшті,5
Ап,5
👍,5
Тема,5
Куаныш,5
Kryto,5
Керемет,5
Спасибо,5
Супер,5
Ok,5
Спасибо,5
Ok,5
👍,5
👍,5
👍,5
😀,5
👍,5
👍👍👍,5
👍👍👍👍👍👍👍👍,5
Жжжжжээ9 Жжж. Щ9ж. Женя ж0юж9дюдззжжЖ9жжжжюж Ж 0ээхЖжюз 00ж9жж Э Юг 90единиц Э,5
Я новичек,5
Очень удобно,5
Очень хорошо,5
Нормально,5
Отличный,5
Хорошо,5
Отлично,5
Отлично,5
Класс,5
Отлично,5
Нормально,5
Хорошо,5
Отлично,5
Ochen otlichno..,5
нормаоьно приложение,5
Өте керемет,5
Спасибо большое,5
Жаксы программа,5
👍,5
🤗👍👍👍,5
Супер,5
Жақсы,5
Супер,5
жаксы,5
Рахмет,5
Супер,5
Ok,5
👍,5
👍,5
👍,5
👍👍,5
👍👍👍👍👍,5
👍👍👍👍👍,5
Қосымша баяу жұмыс істейді. Қателер көп.,5
Өте керемет барлық жағынан камтылған іске сәт!,5
Отличная программа!!!,5
Очень удобно 👌,5
Спасибо.Отлично.,5
Өте керемет қосымша көмекші,5
Хорошо Молодцы,5
Класс 👍👍👍,5
Тамаша унады маган,5
Маган унады 5,5
Светлое Будущее,5
Очень хорошо,5
Отличное приложение,5
Круто работает,5
Очень хорошо,5
Отличная программа,5
Очень удобно,5
Отлично,5
Клас,5
Удобно,5
Отлично,5
Плохо,5
Отлично,5
Классно,5
Хорошо,5
Нравится,5
Отлично,5
Отличное,5
Классно,5
Класс,5
Хорошо,5
Отлично,5
Окей,5
Круто,5
Отлично,5
Класс,5
класс,5
Хорошо,5
Хорошо,5
Отлично,5
Вскерту супер,5
Казахстаннын мактанышы,5
Как ты,5
Жаксы сайт,5
Бәрі бар,5
Отл.,5
Супер,5
Супер,5
Профи,5
Супер,5
Күшті,5
СУПЕР,5
Мммм,5
Супер,5
Ок,5
Да,5
Супер,5
Ооьь,5
Супер,5
Супер,5
Отлаженный,5
👍,5
👍,5
👍,5
👌,5
👍,5
👍👍,5
👍👍👍👍👍,5
Оте тамаша оданда жаксы болса,5
Жақсы қосымша. Ыңғайлы. ЦОНды ұмыттық.,5
Просто супер,5
Хорошая программа,5
Все хорошо,5
Хорошо,5
Удобно,5
Хорошо,5
Харашо,5
Керемет 🤘,5
Ок,5
Tty,5
Керемет,5
зың,5
ок,5
Ок,5
Необходм,5
Jaksy,5
Супер,5
Ок,5
Ок,5
👍,5
👍,5
👍,5
👍,5
👍,5
👍👍👍,5
Все отлично,5
Отлично,5
Круто,5
Отлично,5
Ассалам алейкум,5
Керемет ұнады,5
ОК,5
Ok,5
Ok,5
Керемет,5
Красава,5
👌,5
👍👍👍👍👍👍,5
Советую. Удобно.,5
Отлично приложения,5
Хорош,5
Отлично,5
жаксы оте,5
Жақсы екен,5
Жақсы баға,5
Спасибо 😍,5
Курто,5
Привет,5
Super,5
👍,5
👍,5
👍👍👍,5
👍👍👍,5
👍👍👍👍👍,5
уйден шыкпай барлыгын исте,5
Хорошо,5
Жаксы,5
Норма,5
Плохо работает,5
👌👍✊👋 отлично,5
Удобно!,5
"Тимский, приложение 🔥👍",5
Ок отлично,5
Очень удобно,5
Класс,5
Классно,5
Класс,5
Шикарно,5
Отлично,5
Полезное приложение,5
👍,5
Super,5
Супер,5
👍🏻 👍🏻 👍🏻 👍🏻 👍🏻 👍🏻 👍🏻 👍🏻,5
👍👍👍,5
😍😍😍😍,5
Отличное приложение!,5
OK,5
"Бағдарламаға оңай тіркелдім, инструкция бойынша. Ешқандай проблема болмады.",5
Казахстан развивается ❤️,5
Бари жаксы жумыс истеп жатыр,5
Отличное приложение!,5
Адрес непаравелно написан,5
керемет қызмет ыңғайлы,5
Хорошо удобно,5
Отлично,5
Отличный,5
Мне помогли,5
Четки молодец,5
Супер👍,5
Otli4no,5
Отл,5
спосибо,5
Тәуір,5
Супер,5
Жаксы,5
Супер,5
👍,5
👍,5
Өте жақсы. Одан ары жақсартуға сәттілік тілеймін.,5
Хорошо,5
👍🇰🇿,5
А А,5
Салеметсиз бе оте жаксы рахмет Номерим азамматтык базасында тур и менин данныйым отбасым жолдасым балам барлык электронный турде тиркелип тур екен Жумыссыздыкка отиниш тапсырдым Алгысым шексиз рахмет 🤗,5
Кейбір құжаттарды алу қыйынырақ но жақсы,5
"Обновление жасай алмай, өшіріп қайтадан жаздым. Жалпы алғанда, жігіттер, жасап жатқандарың керемет іс. Өнерлерің өрге тасып, осындай жақсылық жасай беріңдер",5
Керемет жарайсыздар!,5
Егов мобилный кз,5
Отлично,5
Удобно,5
Класс,5
ДЕРСКИЙ ПРЕДЛОЖЕНИЯ,5
Жақсы керемет,5
Все заработало,5
👍Жақсы,5
Ок,5
Жаксы,5
Good,5
Кушты,5
👍👍👍👍👍😍,5
👍,5
😂,5
👍👍👍,5
👍👍👍👍,5
Жаксы өте алла жар болсын рахмет,5
"Оте тиимди, уйде отырып барлык аныктаманы аласын",5
Всегда тормозить!!!,5
Отлично!,5
Нормально.,5
Классный предложение,5
Хорошее приложения,5
Нормально,5
Отлично,5
Класно,5
хорошо,5
Отлично,5
Отлично,5
Салам ✋,5
Да,5
Дер,5
доче,5
Топ,5
Sps,5
ок,5
Керемет,5
Нашар,5
Норма,5
Супер,5
Ок,5
👍👍👍👍🌹🌹🌹🌹🌹🌹🌹🌹🌹🌹,5
👍,5
Қызмет көрсету жоғарғы сапада.Өте керемет,5
"Өте сенімді қызмет көрсету компаниясы , Алла разы болсын",5
Маған ұнады өте пайдалы ешқайда шықпай үйде отырып жасай беремін Рахмет........,5
Өте керемет 👍🏻👍🏻👍🏻👍🏻👍🏻 Құжаттар 1минутта дайын болды рахмееет 😊,5
Отлично!,5
гнев опушенные,5
Хорошо 👍,5
Всё хорошо,5
Өте жақсы Рахмет,5
Отличное приложение,5
Хорошо,5
Very good!,5
Отлично,5
Хорошо,5
Хорошо,5
Отличное,5
Отлично,5
Хорошо,5
Отлично,5
Харашо,5
Отлично,5
Хорошо,5
Отлично,5
Жаксы багдарлама бирак не ушин коп кызмет кол жетимсиз мысалы даригерге жазылу (жарамсыз деректер енгизилди дейди) кунин тандайын десем,5
Отценка. 5.,5
Супер👍👍👍🥳,5
Ochen polezno,5
Эцп получила,5
Өте түсінікті,5
Керемееееь,5
Спасиба,5
✊🏻,5
Ok,5
Ццц,5
Ok,5
Супер,5
Тема,5
Супер,5
Atlichno,5
молодцы,5
Ок,5
Атльишна,5
Непонял,5
Ок,5
Жаксы,5
👍,5
👍,5
👍,5
👍,5
👍👍👍,5
👍👍👍,5
👍👍👍,5
👍👍👍,5
👍👍👍👍,5
👍👍👍👍,5
Маған бұл праграмма ұнады.,5
Привет кім дублин мен әдебиет,5
Отличный программа,5
Круто,5
Классно,5
Удобно,5
Отлично,5
Өте керемет,5
👍,5
Cool,5
ОК,5
Отличного,5
спосибо,5
Супер,5
Сұлтан,5
Па,5
Аааа,5
🤔,5
👍,5
👍👍👍,5
👍👍👍👍👍,5
Мен МАБ на мына телефон номерын тыркеу керек соган калаи тыркеды комектесындершы.,5
Керемет. Бәрі жақсы,5
Хорошо работает,5
Отлично,5
Отлично,5
Хорошо,5
Хорошо,5
Отлично,5
Класс,5
Сабасова фатима,5
🖐👍,5
Супер,5
Супер,5
Норм,5
Отзыв,5
Керемет,5
Тееееема,5
Ок,5
Ок,5
егоп,5
"Өте пайдалы программа, керек құдаттарды үйде отырып алуға болады, рахмет",5
😉😊😍🇦🇼🤩,5
Хорошее приложение.,5
я рада,5
Өте тиымды рахмет,5
Удобное приложение,5
очень удобно,5
Отличное приложение,5
Отлично,5
Плохо,5
Пойдет,5
Отлично,5
Класно,5
Отлично,5
Отлично,5
Отлично,5
Обновляте чаще,5
42500 тенгенди,5
Дома сидим,5
Унамады кызмети,5
Открыть БМГ,5
M_gov gde,5
Кудайбергенова.Базаргүл.Зинатдиновна.,5
Норма,5
Good,5
Шляпа,5
Ура,5
Супер,5
Ем,5
Супер,5
тамаша,5
Супер,5
Спасибо,5
👍,5
👍,5
😚😚😚,5
✊✊✊✊✊✊,5
Сурет салуды билесиндер шаш алдесе басты алатын адамсындар гавно,5
Рахмет жақсы инновация үшін :),5
Жақсы жағын қолданғандар барма?,5
"Асп га справка электронно тапсырындар деп жатр , бул программада барма ондай мумкіндік??",5
Қалай тіркелуге болады?,5
Ештеңе ашпайды кірмейді,5
Очень хорошо,5
Нравится мне,5
Очень удобно,5
👍👍👍 отлично👍👍👍,5
Отлично,5
Хорошо,5
Хорошо,5
Класс,5
Хорошо,5
Классно,5
Класс,5
Класс,5
Хорошо,5
Хорошо,5
отлично,5
Удобно,5
Отлично,5
вы супер👍🏼,5
🌎🏆👍,5
АУМИН РАХМЕТ,5
Как овтаризаваться,5
Супер программа,5
работает норм,5
Экономит время,5
Тамаша👍,5
Зор,5
👍🏻,5
👍,5
Ммм,5
Super,5
Nnn,5
Ок,5
Ok,5
Nachar,5
ok,5
Окок,5
Да,5
Красавица,5
Ok,5
Rrrr,5
Спасибо,5
Незьнаю,5
Даа,5
Надыр,5
Да,5
Керемет,5
Супер,5
👍,5
👍,5
👍,5
🎆,5
👍,5
👍,5
👌,5
👍👍👍👍,5
👍👍👍👍👍👍👍👍👍👍👍👍👍👍👍👍👍👍👍👍👍,5
Mgov тіркелу керек деп шыгып жатыр.Түсінбедім?!,5
Хорошо,5
Отлично,5
Смс код келмей жатыр гой,5
ӨТЕ ЖАҚСЫ ПАРТАЛЬ,5
Все отлично,5
Класс,5
Класс,5
Здравствуйте молодцы,5
👍🏻,5
👍👍👍👍💥💥💥💥💥,5
Супер,5
Спасибо,5
Суперғой,5
Жаксы,5
😊,5
Уйге очередьде турганды корсетпей жатыр,5
Всё суппер,5
Ok,5
Тамаша,5
👍👍👍👍👍👍👍👍👍,5
Все гуд!),5
Бахытбек кенесов кемелбекович,5
Нормально пока,5
Всё Отлично 👌,5
Ok,5
Благодарю,5
Не знаю,5
Отличьное приложение.,5
Отлично,5
Жаксы болды дурыс озі миың ашып атса программа кеп тілі ауыспай киналасн куйіп жасап бергендеріңе рахмет👍👍👍,5
Все понравилось!,5
Нравится.,5
Отлично,5
Класс,5
Класс,5
Зор прил,5
Кушти,5
Мм,5
Horowo,5
Керемет,5
👍👍👍👍👍,5
Қызметтер қосылса екен тағы да. Қосымша арқылы анықтама мен қызметтер тиімді. Баға 5+,5
Жақсы👍 Бірақ тұрғын үй кезегін көрсетпей жатыр. Көмектессеңіздер,5
Быстро. Удобно.,5
Удобно как.,5
Отличный предложение,5
Очень удобно,5
Хорошо,5
Класс,5
Хуево,5
Хорошо,5
Хорошо,5
Класс,5
Супер👌👌🤞🤞,5
No problem,5
куьььььььььььььььььь ьтттттт,5
500 Казак,5
Алга кз,5
Оте керемет,5
👍,5
Жаксы,5
Отл,5
👍,5
👍,5
Ок,5
Привет,5
Ок,5
Күшті,5
Гоүғрүроппрн,5
Красавчикики,5
Рахмет,5
Здравствуйте,5
Ok,5
Ok,5
Ок,5
Норм,5
Супер,5
Супер👍👍👍,5
👍,5
👍,5
👍,5
👍,5
👍👍,5
👍👍👍,5
Өте ыңғайлы жасағандарға рахмет!,5
Не работает,5
Очень хорошо,5
Очень полезно,5
Все хорошо,5
Всё отлично,5
Неработает,5
Удобно,5
Хорошо,5
Класс,5
Класс,5
отлично,5
Рахмет Саттилик👍🏼👍🏼,5
Керемет 😍👍👍,5
тема,5
🖇️,5
Super,5
top,5
Ол,5
Кушти,5
Ok,5
ok,5
Рахмет,5
Райдёт,5
Супер,5
🐵,5
👍,5
👍👍👍👍👍,5
🔥🔥🔥🔥🔥🔥,5
Сабезге барып тексере салдым кушты жылжыпты очеред,5
Не работает это приложение,5
Класс... спасибо,5
Жаксы Оте Орынд,5
Предложения отличное,5
отличная приложение,5
очень удобно,5
Отличное приложение,5
Отлично,5
Класс,5
Отлично,5
Отлично,5
Круть,5
Хорошо,5
Өте жақсы қосымша,5
Өте жақсы 👍,5
Эконом время,5
Всё устраивает,5
Некірмижатыр,5
Супер,5
Ок,5
океу,5
👍,5
👍👍👍,5
Хорошо,5
Супер,5
Отлично 👍,5
Классно.,5
Очень удобно,5
Просто супер,5
Удобное приложение,5
Классно молодцы,5
Очень удобно,5
Тупо,5
Отличный,5
отлично,5
Отлично,5
Отличное,5
Не входит!,5
Жаксы қолдануға,5
Да конечно,5
Керемет 👍,5
Керемет,5
Норм,5
Ракмет,5
Қазақша,5
Сәлем,5
Супер,5
Naice,5
Супер,5
да,5
Отдично,5
Ок,5
😎,5
👏,5
👍,5
👍👍👍,5
👍👍👍👍👍👍👍,5
Очень удобно!,5
🙋🏻‍♂️⭐🌍⭐🇰🇿👍👍👍👍,5
Суппер приложение!!!,5
ЦОН-дағы қыздар осы приложение ішінен жеке куәліктің фотосын тауып берген еді. Соны қалай тапсам болады?? рақмет.,5
Супер приложение!,5
Круто,5
Норм идея.,5
Бплпл,5
👍👋,5
More,5
Спасибо,5
Тамаша,5
🤗,5
👍,5
Өте жақсы бағдарлама!!! Өзің туралы барлық мәліметтерді аз уақыт ішінде таба аласың.,5
Керемет👍бағдарлама көңілімнен шықты ыңғайлы әрі тез👍,5
"Өте жақсы приложение, барлфқ қызметтерді оңай алуға болады.",5
Отличное приложение!👍,5
Отличное приложение!!!👍👍👍,5
Отличное приложение!!!,5
Удобное приложение!,5
Отличное приложение!,5
Отлично!,5
Хорошо!,5
Отличный сервис !!!!,5
Отличное приложение 👍,5
Удобное приложение 🤗,5
Удобный сервис.,5
Прогрессивно.,5
Мазёвая вещ,5
Отлично.,5
"Класс,",5
Отличное приложение,5
Приложение отличное,5
Хорошая прога,5
Удобное приложение,5
Хорошее приложение,5
Приложение отличное,5
Удобное приложение,5
Хорошее приложение,5
хорошее приложение,5
Отличное приложение,5
Отлично.спосибо,5
Рекомендую всем!,5
отлично,5
Нравится,5
Отлично,5
Круто,5
Понравилось,5
Удобно,5
Отлично,5
Понравилась,5
Отлично,5
Хорошо,5
Күшті. Керемет.,5
",💯👌",5
👍👍👍🇰🇿🇰🇿🇰🇿,5
Kruto!,5
Приложения супер,5
5 баллов,5
Керемет қосымша,5
Супер приложении,5
Very good,5
Супер👍,5
Nice.,5
Супер!!!,5
👍,5
Super 👍👍👍,5
Ок,5
Ок,5
Оцит,5
Керемет,5
Отл,5
работает,5
Молодцы,5
Ok,5
Тема,5
Тамаша,5
Super,5
Керемет,5
Super,5
👍,5
🔥,5
👍,5
👏,5
👍,5
👍,5
👌,5
👌,5
👍👍👍,5
👍👍👍,5
👍👍👍👍👍,5
👍👍👍👍,5
👍👍👍👍👍👍,5
Очень удобно!,5
Очень удобно !,5
"Умеете, могёте!",5
"Хорошее приложение,🌹",5
Работает отлично!,5
Великолепный!,5
Отличное приложение!,5
Отлично!,5
Замечательное приложение!!!!,5
Хорошая программв.,5
Классно 👍,5
Отлично👍,5
Приложение отличное,5
Удобное приложение,5
Очень удобно,5
Все хорошо,5
Отличное приложение,5
Хорошая приложение,5
Повышает мобильность,5
Супер приложение!,5
Удобный,5
Отлично,5
Удобно,5
Класс,5
Гуд,5
Все работает,5
Әйбәт программа,5
Рахмет үлкен,5
Все устраивает,5
Супер приложение,5
Ok,5
Норм,5
Ок,5
работает,5
Супер,5
Good,5
Супер,5
Супер,5
Норм,5
👍,5
👍,5
👍,5
👍,5
❤,5
👍,5
Отличное приложение,5
Ок,5
Отлично спасибо,5
Хорошо,5
Спасибо ❤,5
Good,5
Отл приложение,5
Super,5
Нормально,5
полезное приложение,5
Супер,5
Отличное приложение)),5
Удобное приложение,5
Здравствуйте! 👍🏻👍🏻👍🏻,5
👌,5
"Өте ыңғайлы, керек дүние екен",5
Отличное приложение !,5
Отлично!,5
Ништяк приложение.,5
отличное приложение👍,5
Упростить авторизацию.,5
Отлично👌,5
👍👍👍Удобно,5
Хороший сервис,5
Очень удобно,5
Отличное приложение,5
Отличное приложение,5
Отличное приложение,5
Отличное приложение,5
Отличное приложение,5
Приложение супер!,5
Очень удобный,5
Отлично,5
Приложение супер👍,5
Отлично,5
отлично,5
Здорово,5
Круто,5
Удобно,5
Удобно,5
Оте керемет приложение екен,5
супер!,5
Өте ыңғайлы,5
ддж,5
👍,5
Kushti,5
❤,5
👍,5
👍,5
👍👍👍,5
👍👍👍👍,5
Очень удобно,5
Приложение супер,5
супер,5
😎,5
👍,5
",👍",5
Очень удобно!,5
Удобное приложение.,5
отличное приложение👍,5
Удобно👍,5
"Ынғайлы, әрі жылдам",5
Хорошее приложение,5
Удобное приложение,5
Отличное приложение,5
Удобно,5
Круто,5
Удобно,5
Отлично,5
Круто,5
🍍🚀🔱,5
Желаю успехов!!!,5
Супер!,5
Супер!,5
Супер!,5
Нургалиев Нуржан,5
Красява!!!,5
👍,5
✌👍,5
🔥,5
Good,5
Kruta,5
Супер,5
Супер,5
🔝,5
👍,5
👍,5
👍,5
👍👍👍👍👍👍👍👍👍👍👍👍👍👍👍👍👍👍👍👍👍,5
Очень удобно👍,5
Отличное приложение,5
Неудобно,5
👍,5
👍👍👍,5
👍👍👍 Мобильное приложение,5
Тамаша. Сөз жоқ. Керемет. Рақмет құрастырушыларға. Жұмыстарыныз табысты болсын,5
Колданыска жарайды . Рахмет разработчикам.,5
Отличное приложение!,5
Очень удобно,5
Хороший функционал,5
Молодцы ребята👍👍👍,5
Good 👍,5
👍,5
"Ш, and I wilfulness and a за это время и место где я message was delivered on Friday and will is an automatically ki I hood of s and access myu ugly jug of your time to timein s with me and I'll use I uuuou and a to",5
Оте керемет жетысып капсын.,5
Обновить ете алмадым. Самсунг s10. Документы көрсетпей қалған менде.,5
Өте керемет мобильді қосымша!,5
Это приложение очень хороший и выгодный и ещё очень нужное. Спасибо,5
Мен өзіме қажетті құжатты жүктеп алдым . Сіздерге рахмет.,5
"Оте керемет ,мен керек кужатымды уйде жатып ак шыгарып алып журмин",5
Сауатсыздар толы біздің халықта... Программа жап-жақсы істер тұр.,5
Қазақтар алға против вакцина бәлеге,5
Бұл өте керемет болды .,5
Қорааааззз шшс шаба бер тұмар аяғың талмасын,5
"Өте керемет, ыңғайлы және жеңіл",5
Иин дұрыс емес дейді.,5
Оте тиімді уй жагдайындв отырып барлыгын исти аласын,5
Жю9х9эзэ Юъъъ х000з0.дюлбт .тзю 0◇]]♧♧]]]]]хз7хх0дх Зю. Д8южю7,5
👌👍🥰😊😘😃❤💋🙏💋❤👍🥰😊😃😘😘,5
Всё хорошо !,5
Ят яд#(*!∆,5
"Удобно, оперативно!",5
Классно Спасибо,5
"Спасибо, отлично !",5
Отлично работает!,5
Превосходно !,5
Хорошое приложение!,5
Отличная работа!,5
"Очень, хорошо!!!.",5
Отлично!,5
Крутая приложения 👍,5
Хороши придложения👍,5
Все хорошо 👍,5
Программа жақсы ең бастысы Қазақстанның айтый мамандары жасаған көш жүре түзеледі кемшіліктер бар бірақ бірте бірте түзеледі деп ойлаймын...,5
Полезная штука.,5
Класс!,5
Удобна.. Рахмет,5
Отличное приложение 👍👍👍,5
Класс!!!!!!!!!!,5
Сәлеметсіз бе! Онлайн эцп ключ қалай алуға болады?,5
Оте керемет. Рахмет,5
Долго скачаветса,5
Немог устанавит,5
куда денемся,5
Очень хорошиии,5
Кушти очень,5
Очен удобен,5
Надо работать,5
Долго скачивается,5
Тупой вариант,5
Удобно💐,5
Нравится.,5
Отлично 👍,5
Классно 😍,5
Хорошо,5
Хорошо,5
Хорошо,5
Хорошо,5
хорошо,5
хорошо,5
хорошо,5
ёуёуууёб🇧🇬 табыс ғө,5
Зынго приложения базар жок,5
Оте керемет ойластырлган программа,5
Как скачать egov mobile,5
Спасибо большое!,5
очень быстро,5
Удобное приложение,5
Отличное приложение,5
Отличное приложение,5
Отлично 👍👍👍,5
Хороший программа,5
Отличном состояние,5
Ты супер,5
Все отлично,5
Классная программа,5
Отличное приложение,5
Очень удобно,5
Классное приложение,5
Замечательно,5
керемет 🤘 прложение,5
Койкенов Мергенбай Бирликович,5
Оқиға ангел ирлинг,5
Куаныш Аскаров Оспанович,5
Регистрация қалай жасаймыз,5
Жақсы өте жақсы,5
Жақсы өте жақсы,5
I am a happy,5
Егов жазылмай жатыр,5
Онлайн регистрация на брак калай жибереди?,5
Класное пртложение,5
Очень хорошо,5
Хороший саит,5
Хреновое приложение,5
Очень хорошо,5
Всё отлично,5
Хорошо приложения,5
Классная программа,5
Все хорошо,5
Отлично работает,5
портал клас,5
Отличное приложение,5
всё отлично,5
Отличное приложение,5
Отлично работает,5
Хорошая програма,5
Отличный сайт,5
Всё отлично,5
Чудо ёудоо,5
Просто супер,5
Отличное приложение,5
Очень удобно,5
Аткрои быстро,5
Все отлично,5
Отлично придумана,5
Хорошо получилось,5
все хорошо,5
Отличное приложение,5
Очень удобно,5
Хорошая приложения,5
Хорошо спасибо,5
Отличное приложение,5
Все хорошо,5
Отличное приложение,5
Супер отлично,5
Отличное приложение,5
Отличное приложения,5
нормальный приложение,5
Класно сделали,5
"Помогли, молодцы",5
Жақсы заман талабына сай!!!,5
Очен хорошо,5
очен хорошо,5
Очен удобно,5
Бәрі керемет регистрация 1мин,5
Супер приложения!,5
Очень классно,5
Удобно очень,5
Очень крута,5
Отлично,5
eGov mobile жақсы протлонйа,5
Класссссс👍👍👍👍👍👍👍👍,5
Просто Огонь!,5
очень класс,5
Хорошо,5
Хорошо,5
Хорошо,5
Хорошо,5
Отлично,5
отлично,5
Отлично,5
Неплохо,5
Хорошо,5
Классно,5
Отлично,5
Хорошо,5
Отлично,5
Гуд,5
Отлично,5
хорошо,5
"Сәлем достар бұл біздің приложение өте қызық! Мұнда ютубта каналы ашылған Egov mob-ile+ 32,4млн подпишк 19млн лаик",5
Отлично,5
Нормально,5
Отлично,5
Отлично,5
Отлично,5
Отличная,5
Нравится,5
Отлично,5
Хорошо,5
Отлично,5
Отлично,5
Отлично,5
Нравится,5
Хорошо,5
Харошо,5
Класс,5
Отлично,5
Хорошо,5
Хорошо,5
отлично,5
Хоршо,5
Хорошо,5
Отлично,5
Класс,5
Круто,5
Крута,5
Круто,5
Отлично,5
Лутше,5
Отлично,5
Хорошо,5
Окей,5
Отлично,5
Клас,5
Хорошо,5
Отлично,5
Отлично,5
отличная,5
Класс,5
Хорошо,5
Класно,5
Отличная,5
Отлично,5
Отлично,5
Отлично,5
хорошо,5
Отлично,5
Класс,5
Хорошо,5
Класс,5
Хороша,5
отлично,5
Класс,5
Класс,5
Класс,5
Хорошо,5
отлично,5
Нормально,5
Удобно,5
Отлично,5
Хорошо,5
Отлично,5
Хорошо,5
Отлично,5
Класс,5
Круто,5
Круто,5
Хорошо,5
Отлично,5
Хорошо,5
Класс,5
Хорошо,5
Отлично,5
Отлично,5
Отлично,5
Хорошо,5
Отличный,5
Отлично,5
КЛАСС,5
Хорошо,5
Нравится,5
Класс,5
Хорошо,5
Нормальный,5
круто,5
Отлично,5
Хорошо,5
Класс,5
Классно,5
Круто,5
Класс,5
Хорошо,5
Хорошо,5
Отлично,5
хорошо,5
Удобно,5
Отлично,5
Өте керемет программа,5
Өте тиімді 👍,5
"Қайырлы күн, Egov Mobile қосымшасы арқылы ашылған ЭЦҚ кілтті флешкаға көшіріп алсам ба деп едім? Қалай көшірсе болады екен? Корневой папкасы немесе кілтті телефоннан қай жерден тапса болады????",5
30 жылда жетістікке жетіппіз деп айта аламын;) Бағдарлама үкіметтің ең үздік жұмысы деуге болады. Әрі қарай дамыта беріңіздер😌👍🏻✊🏻,5
✊🏻🇰🇿✊🏻,5
Спс 😘🌹👍👍👍,5
",м' т ,",5
👍🏻👍🏻👍🏻👍🏻👍🏻👍🏻🇰🇿🇰🇿🇰🇿🇰🇿🇰🇿🇰🇿,5
👋👍🤝,5
✋👍🚔,5
😎👍тараздан,5
👍🇰🇿,5
Молодцы..!!!,5
1\0,5
Работает!,5
💕💕💕👍🏻,5
Оте жаксы,5
Ақгул сакеева,5
Өте жоғары,5
Да керемет,5
Супервайзер пхпхпхпхпххпхпх,5
Өтте ыңғайлы,5
Жаксы рахмет,5
Все нормик,5
Супер!,5
Супер🤩,5
Good!,5
не получает,5
Нармальное приложение,5
Херьня полная,5
Супер приложения,5
Супер куштии,5
Крутое приложение,5
Лчен нравился,5
Пртложение полезное,5
Надаедает подсказка,5
Динара куттыбаева,5
керемет праграмма,5
Не скачивает,5
Қалдарбек Атеев,5
Получить 42500,5
Жумыс ыстемеиды,5
Opынбаев Жандос,5
Сейчас попробую,5
оте жаксы,5
Тема гой,5
Супер предложение,5
Ok c,5
Жаксы бари,5
Гасанова Шарвани,5
Керемет программа,5
Супер предложение,5
Супер приложение,5
Армандарын орындалады,5
өте жақсы,5
Все работает,5
Cool thanks,5
Ок спасибо,5
Срасиво вам,5
Кароше пипес,5
Не обновляется,5
Супер приложение,5
Отл работает,5
👍👌,5
Raxmet💪,5
Egov 👍,5
Керемет 🤘,5
Рахмет!!!,5
👍🏼,5
Керемет*****,5
Привет,5
👍,5
😊😊😊👍👍👍👍👍,5
Супер,5
Супер,5
Cyka,5
Зор,5
Изи,5
Хорошие,5
Яя,5
Тема,5
Ддщ,5
Супер,5
Ллл,5
Кокжалдар,5
Керемет,5
Жақсы,5
Керемет,5
Супер,5
Dd,5
Xorowo,5
Супер,5
Ok,5
Лучшиии,5
Sss,5
Спасибо,5
👍💪,5
👍👌,5
👍🏻👍🏻,5
👍,5
👌,5
👍,5
👍,5
👍,5
♥️,5
✔️✔️,5
🙏🙏🙏👍👍👍👍,5
👍🏻👍🏻👍🏻👍🏻👍🏻,5
😍😘😘😘,5
Super,5
Супер,5
Да,5
Супер,5
Аыеүұшге,5
Шуооути,5
Мейрамбет,5
Сурер,5
Керемет,5
Ммм,5
Егшоұгоголлшшошшшққлггұгннұүгшұг8ұггқлшшл,5
Ок,5
Супер,5
Супервайзер,5
ок,5
хорошп,5
Woow,5
Тема,5
керемет,5
Nnn,5
керемет,5
Рахмееет,5
Спасибо,5
Молодцы,5
Спасибооо,5
Молодцы,5
керемет,5
Ұнады,5
Керемет,5
Урра,5
Keremet,5
Молодцы,5
нннно,5
Сатти,5
Ок,5
Спосибо,5
Like,5
Nice,5
rahmet,5
дрский,5
Eopp,5
супер,5
Спасибо,5
Супер,5
Ok,5
Ннн,5
Аппарат,5
Жақсы,5
Тема,5
Тема,5
Ок,5
Рахмет,5
Салем,5
Xorowo,5
Супер,5
Азгахшахұ,5
Спасибо,5
Рахмет,5
Фома,5
Жушв,5
рахмет,5
Супер,5
Тема,5
Ок,5
Оккккк,5
Ахи,5
Акмарал,5
Super,5
Ad,5
Vvvvv,5
да,5
Ok,5
Здравствуйте,5
Да,5
Ok,5
Good,5
Жаксы,5
Супер,5
eGov,5
Супер,5
Нн,5
Класны,5
Ok,5
Супер,5
Тема,5
Ок,5
ротлтчно,5
Жақсы,5
Отлична,5
Айгул,5
Супер,5
Ок,5
оорр,5
Sss,5
Супер,5
Nice,5
Ок,5
Жаксы,5
Super,5
Рахмет,5
супер,5
Tema,5
Жаксы,5
Хруто,5
СУПЕР,5
Xaxaxa,5
МашАллах,5
Super,5
Аомдрд,5
Ok,5
Ура,5
Ияттяттяя,5
Падёт,5
Супер,5
Рахмет,5
Керемет,5
Супер,5
Прт,5
Лш,5
Ок,5
Супер,5
Рахмет,5
Ассалаумагаликом,5
Супер,5
Ра,5
dd,5
Күшті,5
Мигг,5
Да,5
Отл,5
Керемет,5
Нургазы с,5
Супер,5
Норм,5
спачибо,5
Жақсы,5
Супер,5
Отлична,5
Хорошие,5
Пять,5
Яяяяя,5
Super,5
egov,5
Күшті,5
Жаксы,5
Дождь,5
Оке,5
Благодарю,5
Keremet,5
Спасибо,5
Ок,5
Керемет,5
Керемет,5
Супер,5
ок,5
Ок,5
Посмотрим,5
Ок,5
супер,5
Кушты,5
Тема,5
ок,5
Еее,5
Wuk,5
Спосибо,5
очбпдм,5
Керемет,5
керемет,5
Норм,5
Норм,5
Благодарю,5
Супер,5
Супер,5
Супер,5
Тамаша,5
Ок,5
Ал,5
Супер,5
Пупер,5
Керемет,5
Кушти,5
Mm,5
🙂🖒🖒🖒🖒,5
Харочие 👍👍👍👍,5
👍,5
🖒,5
👍,5
👍,5
👍,5
😂,5
👍,5
👍,5
😀,5
👍,5
👍,5
👍,5
👍,5
👍,5
👍,5
😎,5
😙,5
👍,5
👍,5
👍,5
👍,5
👍,5
👍,5
👍,5
👍,5
👍,5
🤚,5
👍,5
😃,5
👍,5
👍,5
👍,5
👍,5
👍,5
👍,5
👌,5
😌,5
👍,5
👍,5
👍,5
👍👍👍,5
👍👍👍,5
👍👍👍👍,5
🙌🙌🙌,5
👍👍👍👍👍,5
👍👍👍👍,5
👍👍👍👍👍👍👍,5
✊✊,5
👍👍,5
👍👍👍,5
👍👍👍,5
👍👍👍,5
🔥🔥🔥,5
👍👍👍,5
👍👍👍,5
👌👌👌,5
🙂🙂🙂,5
👍👍👍,5
👍👍👍,5
👍👍👍👍👍👍👍👍👍👍☝,5
👍👍👍,5
👍👍👍,5
😂😂😂,5
👍👍👍,5
👍👍👍👍👍,5
👍👍👍👍👍,5
👍👍👍👍,5
👍👍👍👍,5
👍👍👍👍👍👍,5
👍👍👍👍👍👍,5
😙😙😙😙😙😙😙😙,5
👍👍👍👍👍👍👍👍,5
👍👍👍👍👍👍👍👍👍👍👍,5
👍👍👍👍👍👍👍👍👍👍👍👍👍👍👍👍👍,5
😍😍😍😍😍😍😍😍😍😍😍😍😍,5
👎👎👎👎👎👎👎👎👎👎👎👎👎👎👎👎👎👎👎👎👎,5
👍👍👍👍👍👍👍👍👍👍👍👍👍👍👍👍👍👍👍👍👍,5
